 5.00000000e+00  1.98056116e-05  8.12203000e-06  5.00000000e+00 -6.17457963e-04 -2.16105554e-04  5.00000000e+00 -8.49469597e-01 -2.97532795e-01  5.00000000e+00  9.75691331e-01 -8.26128394e-04 
 5.05791122e+00  2.03292849e-05  8.23237056e-06  5.05791122e+00 -6.33744231e-04 -2.18228585e-04  5.05791122e+00 -8.52026406e-01 -2.93615860e-01  5.05791122e+00  9.75690078e-01 -8.16752324e-04 
 5.11649318e+00  2.08654616e-05  8.34366347e-06  5.11649318e+00 -6.50417296e-04 -2.20334880e-04  5.11649318e+00 -8.54534666e-01 -2.89701084e-01  5.11649318e+00  9.75688854e-01 -8.07480811e-04 
 5.17575365e+00  2.14144281e-05  8.45591218e-06  5.17575365e+00 -6.67485920e-04 -2.22422917e-04  5.17575365e+00 -8.56994940e-01 -2.85788950e-01  5.17575365e+00  9.75687658e-01 -7.98312752e-04 
 5.23570049e+00  2.19764774e-05  8.56912004e-06  5.23570049e+00 -6.84959063e-04 -2.24491115e-04  5.23570049e+00 -8.59407794e-01 -2.81879914e-01  5.23570049e+00  9.75686488e-01 -7.89247053e-04 
 5.29634165e+00  2.25519096e-05  8.68329027e-06  5.29634165e+00 -7.02845891e-04 -2.26537830e-04  5.29634165e+00 -8.61773793e-01 -2.77974415e-01  5.29634165e+00  9.75685345e-01 -7.80282631e-04 
 5.35768518e+00  2.31410317e-05  8.79842597e-06  5.35768518e+00 -7.21155779e-04 -2.28561355e-04  5.35768518e+00 -8.64093505e-01 -2.74072871e-01  5.35768518e+00  9.75684228e-01 -7.71418410e-04 
 5.41973919e+00  2.37441580e-05  8.91453009e-06  5.41973919e+00 -7.39898317e-04 -2.30559913e-04  5.41973919e+00 -8.66367498e-01 -2.70175677e-01  5.41973919e+00  9.75683136e-01 -7.62653326e-04 
 5.48251193e+00  2.43616099e-05  9.03160540e-06  5.48251193e+00 -7.59083313e-04 -2.32531656e-04  5.48251193e+00 -8.68596340e-01 -2.66283211e-01  5.48251193e+00  9.75682069e-01 -7.53986322e-04 
 5.54601172e+00  2.49937166e-05  9.14965454e-06  5.54601172e+00 -7.78720800e-04 -2.34474667e-04  5.54601172e+00 -8.70780599e-01 -2.62395830e-01  5.54601172e+00  9.75681025e-01 -7.45416352e-04 
 5.61024699e+00  2.56408149e-05  9.26867994e-06  5.61024699e+00 -7.98821037e-04 -2.36386949e-04  5.61024699e+00 -8.72920842e-01 -2.58513870e-01  5.61024699e+00  9.75680006e-01 -7.36942380e-04 
 5.67522623e+00  2.63032494e-05  9.38868384e-06  5.67522623e+00 -8.19394520e-04 -2.38266430e-04  5.67522623e+00 -8.75017634e-01 -2.54637651e-01  5.67522623e+00  9.75679009e-01 -7.28563378e-04 
 5.74095809e+00  2.69813729e-05  9.50966827e-06  5.74095809e+00 -8.40451981e-04 -2.40110956e-04  5.74095809e+00 -8.77071540e-01 -2.50767472e-01  5.74095809e+00  9.75678035e-01 -7.20278327e-04 
 5.80745127e+00  2.76755463e-05  9.63163503e-06  5.80745127e+00 -8.62004400e-04 -2.41918286e-04  5.80745127e+00 -8.79083120e-01 -2.46903614e-01  5.80745127e+00  9.75677083e-01 -7.12086219e-04 
 5.87471458e+00  2.83861392e-05  9.75458571e-06  5.87471458e+00 -8.84063003e-04 -2.43686096e-04  5.87471458e+00 -8.81052933e-01 -2.43046340e-01  5.87471458e+00  9.75676153e-01 -7.03986055e-04 
 5.94275696e+00  2.91135296e-05  9.87852160e-06  5.94275696e+00 -9.06639272e-04 -2.45411967e-04  5.94275696e+00 -8.82981537e-01 -2.39195896e-01  5.94275696e+00  9.75675243e-01 -6.95976843e-04 
 6.01158742e+00  2.98581044e-05  1.00034438e-05  6.01158742e+00 -9.29744951e-04 -2.47093387e-04  6.01158742e+00 -8.84869484e-01 -2.35352509e-01  6.01158742e+00  9.75674355e-01 -6.88057604e-04 
 6.08121509e+00  3.06202597e-05  1.01293529e-05  6.08121509e+00 -9.53392049e-04 -2.48727749e-04  6.08121509e+00 -8.86717322e-01 -2.31516391e-01  6.08121509e+00  9.75673486e-01 -6.80227365e-04 
 6.15164921e+00  3.14004006e-05  1.02562496e-05  6.15164921e+00 -9.77592848e-04 -2.50312342e-04  6.15164921e+00 -8.88525598e-01 -2.27687736e-01  6.15164921e+00  9.75672637e-01 -6.72485164e-04 
 6.22289911e+00  3.21989421e-05  1.03841338e-05  6.22289911e+00 -1.00235991e-03 -2.51844350e-04  6.22289911e+00 -8.90294852e-01 -2.23866720e-01  6.22289911e+00  9.75671807e-01 -6.64830048e-04 
 6.29497425e+00  3.30163084e-05  1.05130054e-05  6.29497425e+00 -1.02770607e-03 -2.53320848e-04  6.29497425e+00 -8.92025622e-01 -2.20053506e-01  6.29497425e+00  9.75670996e-01 -6.57261070e-04 
 6.36788417e+00  3.38529340e-05  1.06428638e-05  6.36788417e+00 -1.05364448e-03 -2.54738800e-04  6.36788417e+00 -8.93718438e-01 -2.16248240e-01  6.36788417e+00  9.75670203e-01 -6.49777298e-04 
 6.44163856e+00  3.47092634e-05  1.07737081e-05  6.44163856e+00 -1.08018855e-03 -2.56095052e-04  6.44163856e+00 -8.95373828e-01 -2.12451053e-01  6.44163856e+00  9.75669428e-01 -6.42377803e-04 
 6.51624719e+00  3.55857516e-05  1.09055369e-05  6.51624719e+00 -1.10735204e-03 -2.57386328e-04  6.51624719e+00 -8.96992313e-01 -2.08662059e-01  6.51624719e+00  9.75668671e-01 -6.35061670e-04 
 6.59171996e+00  3.64828641e-05  1.10383484e-05  6.59171996e+00 -1.13514897e-03 -2.58609228e-04  6.59171996e+00 -8.98574407e-01 -2.04881361e-01  6.59171996e+00  9.75667931e-01 -6.27827988e-04 
 6.66806686e+00  3.74010774e-05  1.11721405e-05  6.66806686e+00 -1.16359371e-03 -2.59760218e-04  6.66806686e+00 -9.00120623e-01 -2.01109044e-01  6.66806686e+00  9.75667208e-01 -6.20675859e-04 
 6.74529804e+00  3.83408791e-05  1.13069103e-05  6.74529804e+00 -1.19270094e-03 -2.60835634e-04  6.74529804e+00 -9.01631462e-01 -1.97345182e-01  6.74529804e+00  9.75666501e-01 -6.13604391e-04 
 6.82342373e+00  3.93027682e-05  1.14426548e-05  6.82342373e+00 -1.22248568e-03 -2.61831668e-04  6.82342373e+00 -9.03107424e-01 -1.93589832e-01  6.82342373e+00  9.75665810e-01 -6.06612703e-04 
 6.90245429e+00  4.02872553e-05  1.15793702e-05  6.90245429e+00 -1.25296328e-03 -2.62744369e-04  6.90245429e+00 -9.04548998e-01 -1.89843042e-01  6.90245429e+00  9.75665135e-01 -5.99699922e-04 
 6.98240020e+00  4.12948632e-05  1.17170524e-05  6.98240020e+00 -1.28414943e-03 -2.63569635e-04  6.98240020e+00 -9.05956671e-01 -1.86104843e-01  6.98240020e+00  9.75664475e-01 -5.92865181e-04 
 7.06327206e+00  4.23261265e-05  1.18556965e-05  7.06327206e+00 -1.31606018e-03 -2.64303209e-04  7.06327206e+00 -9.07330919e-01 -1.82375256e-01  7.06327206e+00  9.75663830e-01 -5.86107627e-04 
 7.14508060e+00  4.33815927e-05  1.19952971e-05  7.14508060e+00 -1.34871193e-03 -2.64940672e-04  7.14508060e+00 -9.08672214e-01 -1.78654288e-01  7.14508060e+00  9.75663200e-01 -5.79426409e-04 
 7.22783666e+00  4.44618217e-05  1.21358482e-05  7.22783666e+00 -1.38212145e-03 -2.65477438e-04  7.22783666e+00 -9.09981019e-01 -1.74941934e-01  7.22783666e+00  9.75662583e-01 -5.72820691e-04 
 7.31155123e+00  4.55673869e-05  1.22773431e-05  7.31155123e+00 -1.41630590e-03 -2.65908749e-04  7.31155123e+00 -9.11257792e-01 -1.71238180e-01  7.31155123e+00  9.75661981e-01 -5.66289640e-04 
 7.39623540e+00  4.66988748e-05  1.24197745e-05  7.39623540e+00 -1.45128279e-03 -2.66229666e-04  7.39623540e+00 -9.12502981e-01 -1.67542996e-01  7.39623540e+00  9.75661393e-01 -5.59832436e-04 
 7.48190040e+00  4.78568856e-05  1.25631343e-05  7.48190040e+00 -1.48707006e-03 -2.66435065e-04  7.48190040e+00 -9.13717028e-01 -1.63856345e-01  7.48190040e+00  9.75660818e-01 -5.53448262e-04 
 7.56855760e+00  4.90420338e-05  1.27074137e-05  7.56855760e+00 -1.52368601e-03 -2.66519630e-04  7.56855760e+00 -9.14900368e-01 -1.60178177e-01  7.56855760e+00  9.75660256e-01 -5.47136315e-04 
 7.65621848e+00  5.02549478e-05  1.28526032e-05  7.65621848e+00 -1.56114937e-03 -2.66477845e-04  7.65621848e+00 -9.16053428e-01 -1.56508433e-01  7.65621848e+00  9.75659706e-01 -5.40895796e-04 
 7.74489467e+00  5.14962711e-05  1.29986922e-05  7.74489467e+00 -1.59947928e-03 -2.66303988e-04  7.74489467e+00 -9.17176626e-01 -1.52847041e-01  7.74489467e+00  9.75659170e-01 -5.34725916e-04 
 7.83459793e+00  5.27666620e-05  1.31456696e-05  7.83459793e+00 -1.63869530e-03 -2.65992125e-04  7.83459793e+00 -9.18270372e-01 -1.49193923e-01  7.83459793e+00  9.75658645e-01 -5.28625894e-04 
 7.92534015e+00  5.40667942e-05  1.32935232e-05  7.92534015e+00 -1.67881743e-03 -2.65536097e-04  7.92534015e+00 -9.19335071e-01 -1.45548987e-01  7.92534015e+00  9.75658132e-01 -5.22594957e-04 
 8.01713338e+00  5.53973572e-05  1.34422398e-05  8.01713338e+00 -1.71986610e-03 -2.64929520e-04  8.01713338e+00 -9.20371116e-01 -1.41912136e-01  8.01713338e+00  9.75657631e-01 -5.16632338e-04 
 8.10998977e+00  5.67590563e-05  1.35918056e-05  8.10998977e+00 -1.76186221e-03 -2.64165769e-04  8.10998977e+00 -9.21378896e-01 -1.38283261e-01  8.10998977e+00  9.75657141e-01 -5.10737281e-04 
 8.20392165e+00  5.81526138e-05  1.37422054e-05  8.20392165e+00 -1.80482709e-03 -2.63237977e-04  8.20392165e+00 -9.22358788e-01 -1.34662245e-01  8.20392165e+00  9.75656663e-01 -5.04909037e-04 
 8.29894147e+00  5.95787682e-05  1.38934231e-05  8.29894147e+00 -1.84878257e-03 -2.62139020e-04  8.29894147e+00 -9.23311163e-01 -1.31048962e-01  8.29894147e+00  9.75656195e-01 -4.99146862e-04 
 8.39506184e+00  6.10382759e-05  1.40454415e-05  8.39506184e+00 -1.89375094e-03 -2.60861512e-04  8.39506184e+00 -9.24236383e-01 -1.27443278e-01  8.39506184e+00  9.75655738e-01 -4.93450023e-04 
 8.49229549e+00  6.25319103e-05  1.41982423e-05  8.49229549e+00 -1.93975498e-03 -2.59397793e-04  8.49229549e+00 -9.25134802e-01 -1.23845052e-01  8.49229549e+00  9.75655291e-01 -4.87817795e-04 
 8.59065533e+00  6.40604633e-05  1.43518059e-05  8.59065533e+00 -1.98681798e-03 -2.57739924e-04  8.59065533e+00 -9.26006765e-01 -1.20254133e-01  8.59065533e+00  9.75654854e-01 -4.82249457e-04 
 8.69015439e+00  6.56247451e-05  1.45061116e-05  8.69015439e+00 -2.03496372e-03 -2.55879670e-04  8.69015439e+00 -9.26852610e-01 -1.16670365e-01  8.69015439e+00  9.75654427e-01 -4.76744298e-04 
 8.79080588e+00  6.72255848e-05  1.46611372e-05  8.79080588e+00 -2.08421652e-03 -2.53808496e-04  8.79080588e+00 -9.27672664e-01 -1.13093582e-01  8.79080588e+00  9.75654010e-01 -4.71301615e-04 
 8.89262314e+00  6.88638308e-05  1.48168594e-05  8.89262314e+00 -2.13460121e-03 -2.51517554e-04  8.89262314e+00 -9.28467249e-01 -1.09523613e-01  8.89262314e+00  9.75653603e-01 -4.65920711e-04 
 8.99561967e+00  7.05403513e-05  1.49732533e-05  8.99561967e+00 -2.18614316e-03 -2.48997672e-04  8.99561967e+00 -9.29236675e-01 -1.05960279e-01  8.99561967e+00  9.75653204e-01 -4.60600897e-04 
 9.09980913e+00  7.22560347e-05  1.51302927e-05  9.09980913e+00 -2.23886831e-03 -2.46239342e-04  9.09980913e+00 -9.29981246e-01 -1.02403396e-01  9.09980913e+00  9.75652815e-01 -4.55341491e-04 
 9.20520534e+00  7.40117903e-05  1.52879498e-05  9.20520534e+00 -2.29280313e-03 -2.43232710e-04  9.20520534e+00 -9.30701256e-01 -9.88527696e-02  9.20520534e+00  9.75652435e-01 -4.50141818e-04 
 9.31182228e+00  7.58085483e-05  1.54461951e-05  9.31182228e+00 -2.34797470e-03 -2.39967562e-04  9.31182228e+00 -9.31396991e-01 -9.53082038e-02  9.31182228e+00  9.75652063e-01 -4.45001211e-04 
 9.41967407e+00  7.76472607e-05  1.56049978e-05  9.41967407e+00 -2.40441064e-03 -2.36433315e-04  9.41967407e+00 -9.32068728e-01 -9.17694942e-02  9.41967407e+00  9.75651700e-01 -4.39919010e-04 
 9.52877504e+00  7.95289017e-05  1.57643249e-05  9.52877504e+00 -2.46213919e-03 -2.32618997e-04  9.52877504e+00 -9.32716736e-01 -8.82364310e-02  9.52877504e+00  9.75651344e-01 -4.34894561e-04 
 9.63913963e+00  8.14544682e-05  1.59241421e-05  9.63913963e+00 -2.52118920e-03 -2.28513243e-04  9.63913963e+00 -9.33341275e-01 -8.47087988e-02  9.63913963e+00  9.75650997e-01 -4.29927217e-04 
 9.75078250e+00  8.34249804e-05  1.60844130e-05  9.75078250e+00 -2.58159012e-03 -2.24104274e-04  9.75078250e+00 -9.33942596e-01 -8.11863769e-02  9.75078250e+00  9.75650658e-01 -4.25016340e-04 
 9.86371844e+00  8.54414820e-05  1.62450994e-05  9.86371844e+00 -2.64337204e-03 -2.19379885e-04  9.86371844e+00 -9.34520942e-01 -7.76689393e-02  9.86371844e+00  9.75650327e-01 -4.20161296e-04 
 9.97796243e+00  8.75050413e-05  1.64061608e-05  9.97796243e+00 -2.70656568e-03 -2.14327431e-04  9.97796243e+00 -9.35076547e-01 -7.41562550e-02  9.97796243e+00  9.75650003e-01 -4.15361459e-04 
 1.00935296e+01  8.96167512e-05  1.65675551e-05  1.00935296e+01 -2.77120243e-03 -2.08933811e-04  1.00935296e+01 -9.35609637e-01 -7.06480881e-02  1.00935296e+01  9.75649686e-01 -4.10616211e-04 
 1.02104354e+01  9.17777303e-05  1.67292377e-05  1.02104354e+01 -2.83731432e-03 -2.03185452e-04  1.02104354e+01 -9.36120428e-01 -6.71441981e-02  1.02104354e+01  9.75649377e-01 -4.05924938e-04 
 1.03286951e+01  9.39891231e-05  1.68911619e-05  1.03286951e+01 -2.90493409e-03 -1.97068294e-04  1.03286951e+01 -9.36609129e-01 -6.36443401e-02  1.03286951e+01  9.75649075e-01 -4.01287035e-04 
 1.04483246e+01  9.62521008e-05  1.70532786e-05  1.04483246e+01 -2.97409514e-03 -1.90567772e-04  1.04483246e+01 -9.37075938e-01 -6.01482648e-02  1.04483246e+01  9.75648779e-01 -3.96701903e-04 
 1.05693396e+01  9.85678618e-05  1.72155362e-05  1.05693396e+01 -3.04483159e-03 -1.83668798e-04  1.05693396e+01 -9.37521046e-01 -5.66557187e-02  1.05693396e+01  9.75648490e-01 -3.92168948e-04 
 1.06917563e+01  1.00937632e-04  1.73778809e-05  1.06917563e+01 -3.11717827e-03 -1.76355745e-04  1.06917563e+01 -9.37944636e-01 -5.31664444e-02  1.06917563e+01  9.75648208e-01 -3.87687583e-04 
 1.08155908e+01  1.03362667e-04  1.75402560e-05  1.08155908e+01 -3.19117073e-03 -1.68612429e-04  1.08155908e+01 -9.38346881e-01 -4.96801807e-02  1.08155908e+01  9.75647932e-01 -3.83257230e-04 
 1.09408596e+01  1.05844251e-04  1.77026022e-05  1.09408596e+01 -3.26684528e-03 -1.60422084e-04  1.09408596e+01 -9.38727945e-01 -4.61966627e-02  1.09408596e+01  9.75647663e-01 -3.78877313e-04 
 1.10675793e+01  1.08383697e-04  1.78648574e-05  1.10675793e+01 -3.34423897e-03 -1.51767351e-04  1.10675793e+01 -9.39087984e-01 -4.27156220e-02  1.10675793e+01  9.75647399e-01 -3.74547265e-04 
 1.11957667e+01  1.10982350e-04  1.80269565e-05  1.11957667e+01 -3.42338961e-03 -1.42630251e-04  1.11957667e+01 -9.39427146e-01 -3.92367869e-02  1.11957667e+01  9.75647142e-01 -3.70266525e-04 
 1.13254388e+01  1.13641585e-04  1.81888313e-05  1.13254388e+01 -3.50433582e-03 -1.32992167e-04  1.13254388e+01 -9.39745569e-01 -3.57598826e-02  1.13254388e+01  9.75646890e-01 -3.66034537e-04 
 1.14566128e+01  1.16362811e-04  1.83504108e-05  1.14566128e+01 -3.58711699e-03 -1.22833820e-04  1.14566128e+01 -9.40043383e-01 -3.22846309e-02  1.14566128e+01  9.75646645e-01 -3.61850752e-04 
 1.15893061e+01  1.19147468e-04  1.85116204e-05  1.15893061e+01 -3.67177333e-03 -1.12135248e-04  1.15893061e+01 -9.40320710e-01 -2.88107511e-02  1.15893061e+01  9.75646404e-01 -3.57714626e-04 
 1.17235363e+01  1.21997030e-04  1.86723821e-05  1.17235363e+01 -3.75834586e-03 -1.00875784e-04  1.17235363e+01 -9.40577661e-01 -2.53379596e-02  1.17235363e+01  9.75646170e-01 -3.53625622e-04 
 1.18593211e+01  1.24913005e-04  1.88326147e-05  1.18593211e+01 -3.84687644e-03 -8.90340303e-05  1.18593211e+01 -9.40814340e-01 -2.18659701e-02  1.18593211e+01  9.75645940e-01 -3.49583209e-04 
 1.19966787e+01  1.27896936e-04  1.89922329e-05  1.19966787e+01 -3.93740779e-03 -7.65878321e-05  1.19966787e+01 -9.41030843e-01 -1.83944938e-02  1.19966787e+01  9.75645716e-01 -3.45586860e-04 
 1.21356271e+01  1.30950403e-04  1.91511480e-05  1.21356271e+01 -4.02998349e-03 -6.35142555e-05  1.21356271e+01 -9.41227255e-01 -1.49232398e-02  1.21356271e+01  9.75645497e-01 -3.41636056e-04 
 1.22761849e+01  1.34075022e-04  1.93092671e-05  1.22761849e+01 -4.12464799e-03 -4.97895591e-05  1.22761849e+01 -9.41403655e-01 -1.14519147e-02  1.22761849e+01  9.75645283e-01 -3.37730283e-04 
 1.24183707e+01  1.37272445e-04  1.94664934e-05  1.24183707e+01 -4.22144663e-03 -3.53891670e-05  1.24183707e+01 -9.41560110e-01 -7.98022316e-03  1.24183707e+01  9.75645073e-01 -3.33869031e-04 
 1.25622033e+01  1.40544366e-04  1.96227257e-05  1.25622033e+01 -4.32042566e-03 -2.02876406e-05  1.25622033e+01 -9.41696682e-01 -4.50786791e-03  1.25622033e+01  9.75644869e-01 -3.30051798e-04 
 1.27077018e+01  1.43892514e-04  1.97778586e-05  1.27077018e+01 -4.42163227e-03 -4.45865019e-06  1.27077018e+01 -9.41813422e-01 -1.03454980e-03  1.27077018e+01  9.75644669e-01 -3.26278086e-04 
 1.28548855e+01  1.47318662e-04  1.99317820e-05  1.28548855e+01 -4.52511454e-03  1.21250559e-05  1.28548855e+01 -9.41910371e-01  2.44003197e-03  1.28548855e+01  9.75644474e-01 -3.22547403e-04 
 1.30037739e+01  1.50824622e-04  2.00843810e-05  1.30037739e+01 -4.63092154e-03  2.94916817e-05  1.30037739e+01 -9.41987565e-01  5.91617977e-03  1.30037739e+01  9.75644283e-01 -3.18859263e-04 
 1.31543868e+01  1.54412249e-04  2.02355361e-05  1.31543868e+01 -4.73910328e-03  4.76704154e-05  1.31543868e+01 -9.42045027e-01  9.39419743e-03  1.31543868e+01  9.75644096e-01 -3.15213184e-04 
 1.33067441e+01  1.58083439e-04  2.03851223e-05  1.33067441e+01 -4.84971076e-03  6.66914627e-05  1.33067441e+01 -9.42082774e-01  1.28743901e-02  1.33067441e+01  9.75643914e-01 -3.11608691e-04 
 1.34608661e+01  1.61840136e-04  2.05330097e-05  1.34608661e+01 -4.96279595e-03  8.65860802e-05  1.34608661e+01 -9.42100813e-01  1.63570640e-02  1.34608661e+01  9.75643736e-01 -3.08045312e-04 
 1.36167731e+01  1.65684326e-04  2.06790627e-05  1.36167731e+01 -5.07841185e-03  1.07386611e-04  1.36167731e+01 -9.42099143e-01  1.98425266e-02  1.36167731e+01  9.75643561e-01 -3.04522582e-04 
 1.37744859e+01  1.69618042e-04  2.08231400e-05  1.37744859e+01 -5.19661245e-03  1.29126521e-04  1.37744859e+01 -9.42077753e-01  2.33310862e-02  1.37744859e+01  9.75643391e-01 -3.01040042e-04 
 1.39340254e+01  1.73643364e-04  2.09650947e-05  1.39340254e+01 -5.31745281e-03  1.51840435e-04  1.39340254e+01 -9.42036624e-01  2.68230519e-02  1.39340254e+01  9.75643225e-01 -2.97597235e-04 
 1.40954127e+01  1.77762421e-04  2.11047735e-05  1.40954127e+01 -5.44098899e-03  1.75564176e-04  1.40954127e+01 -9.41975728e-01  3.03187336e-02  1.40954127e+01  9.75643063e-01 -2.94193711e-04 
 1.42586692e+01  1.81977390e-04  2.12420168e-05  1.42586692e+01 -5.56727815e-03  2.00334806e-04  1.42586692e+01 -9.41895027e-01  3.38184418e-02  1.42586692e+01  9.75642904e-01 -2.90829026e-04 
 1.44238165e+01  1.86290500e-04  2.13766587e-05  1.44238165e+01 -5.69637849e-03  2.26190665e-04  1.44238165e+01 -9.41794476e-01  3.73224871e-02  1.44238165e+01  9.75642748e-01 -2.87502739e-04 
 1.45908767e+01  1.90704031e-04  2.15085263e-05  1.45908767e+01 -5.82834933e-03  2.53171412e-04  1.45908767e+01 -9.41674018e-01  4.08311810e-02  1.45908767e+01  9.75642597e-01 -2.84214414e-04 
 1.47598718e+01  1.95220316e-04  2.16374395e-05  1.47598718e+01 -5.96325106e-03  2.81318072e-04  1.47598718e+01 -9.41533591e-01  4.43448347e-02  1.47598718e+01  9.75642449e-01 -2.80963622e-04 
 1.49308242e+01  1.99841741e-04  2.17632112e-05  1.49308242e+01 -6.10114519e-03  3.10673081e-04  1.49308242e+01 -9.41373120e-01  4.78637598e-02  1.49308242e+01  9.75642304e-01 -2.77749936e-04 
 1.51037567e+01  2.04570751e-04  2.18856466e-05  1.51037567e+01 -6.24209437e-03  3.41280327e-04  1.51037567e+01 -9.41192523e-01  5.13882676e-02  1.51037567e+01  9.75642162e-01 -2.74572935e-04 
 1.52786921e+01  2.09409843e-04  2.20045430e-05  1.52786921e+01 -6.38616236e-03  3.73185202e-04  1.52786921e+01 -9.40991709e-01  5.49186695e-02  1.52786921e+01  9.75642024e-01 -2.71432204e-04 
 1.54556536e+01  2.14361575e-04  2.21196895e-05  1.54556536e+01 -6.53341409e-03  4.06434649e-04  1.54556536e+01 -9.40770576e-01  5.84552765e-02  1.54556536e+01  9.75641889e-01 -2.68327330e-04 
 1.56346648e+01  2.19428563e-04  2.22308671e-05  1.56346648e+01 -6.68391563e-03  4.41077217e-04  1.56346648e+01 -9.40529016e-01  6.19983991e-02  1.56346648e+01  9.75641757e-01 -2.65257906e-04 
 1.58157493e+01  2.24613484e-04  2.23378475e-05  1.58157493e+01 -6.83773423e-03  4.77163104e-04  1.58157493e+01 -9.40266907e-01  6.55483473e-02  1.58157493e+01  9.75641627e-01 -2.62223531e-04 
 1.59989311e+01  2.29919077e-04  2.24403939e-05  1.59989311e+01 -6.99493834e-03  5.14744222e-04  1.59989311e+01 -9.39984123e-01  6.91054304e-02  1.59989311e+01  9.75641501e-01 -2.59223805e-04 
 1.61842347e+01  2.35348144e-04  2.25382598e-05  1.61842347e+01 -7.15559757e-03  5.53874241e-04  1.61842347e+01 -9.39680525e-01  7.26699570e-02  1.61842347e+01  9.75641378e-01 -2.56258336e-04 
 1.63716844e+01  2.40903554e-04  2.26311889e-05  1.63716844e+01 -7.31978275e-03  5.94608654e-04  1.63716844e+01 -9.39355966e-01  7.62422345e-02  1.63716844e+01  9.75641258e-01 -2.53326733e-04 
 1.65613053e+01  2.46588239e-04  2.27189149e-05  1.65613053e+01 -7.48756590e-03  6.37004833e-04  1.65613053e+01 -9.39010289e-01  7.98225695e-02  1.65613053e+01  9.75641140e-01 -2.50428613e-04 
 1.67531223e+01  2.52405202e-04  2.28011613e-05  1.67531223e+01 -7.65902029e-03  6.81122088e-04  1.67531223e+01 -9.38643327e-01  8.34112673e-02  1.67531223e+01  9.75641025e-01 -2.47563595e-04 
 1.69471611e+01  2.58357514e-04  2.28776403e-05  1.69471611e+01 -7.83422038e-03  7.27021731e-04  1.69471611e+01 -9.38254905e-01  8.70086315e-02  1.69471611e+01  9.75640912e-01 -2.44731302e-04 
 1.71434472e+01  2.64448317e-04  2.29480532e-05  1.71434472e+01 -8.01324190e-03  7.74767138e-04  1.71434472e+01 -9.37844837e-01  9.06149648e-02  1.71434472e+01  9.75640802e-01 -2.41931362e-04 
 1.73420068e+01  2.70680827e-04  2.30120896e-05  1.73420068e+01 -8.19616178e-03  8.24423817e-04  1.73420068e+01 -9.37412928e-01  9.42305676e-02  1.73420068e+01  9.75640695e-01 -2.39163408e-04 
 1.75428662e+01  2.77058334e-04  2.30694269e-05  1.75428662e+01 -8.38305822e-03  8.76059474e-04  1.75428662e+01 -9.36958973e-01  9.78557390e-02  1.75428662e+01  9.75640590e-01 -2.36427076e-04 
 1.77460519e+01  2.83584202e-04  2.31197302e-05  1.77460519e+01 -8.57401067e-03  9.29744084e-04  1.77460519e+01 -9.36482757e-01  1.01490776e-01  1.77460519e+01  9.75640487e-01 -2.33722006e-04 
 1.79515910e+01  2.90261876e-04  2.31626515e-05  1.79515910e+01 -8.76909981e-03  9.85549959e-04  1.79515910e+01 -9.35984056e-01  1.05135973e-01  1.79515910e+01  9.75640387e-01 -2.31047842e-04 
 1.81595107e+01  2.97094880e-04  2.31978295e-05  1.81595107e+01 -8.96840760e-03  1.04355183e-03  1.81595107e+01 -9.35462635e-01  1.08791623e-01  1.81595107e+01  9.75640289e-01 -2.28404233e-04 
 1.83698386e+01  3.04086817e-04  2.32248890e-05  1.83698386e+01 -9.17201723e-03  1.10382691e-03  1.83698386e+01 -9.34918250e-01  1.12458016e-01  1.83698386e+01  9.75640194e-01 -2.25790831e-04 
 1.85826026e+01  3.11241376e-04  2.32434403e-05  1.85826026e+01 -9.38001318e-03  1.16645498e-03  1.85826026e+01 -9.34350646e-01  1.16135439e-01  1.85826026e+01  9.75640100e-01 -2.23207293e-04 
 1.87978308e+01  3.18562331e-04  2.32530789e-05  1.87978308e+01 -9.59248115e-03  1.23151847e-03  1.87978308e+01 -9.33759558e-01  1.19824178e-01  1.87978308e+01  9.75640009e-01 -2.20653278e-04 
 1.90155519e+01  3.26053542e-04  2.32533849e-05  1.90155519e+01 -9.80950811e-03  1.29910254e-03  1.90155519e+01 -9.33144712e-01  1.23524513e-01  1.90155519e+01  9.75639919e-01 -2.18128450e-04 
 1.92357946e+01  3.33718959e-04  2.32439221e-05  1.92357946e+01 -1.00311823e-02  1.36929517e-03  1.92357946e+01 -9.32505821e-01  1.27236724e-01  1.92357946e+01  9.75639832e-01 -2.15632478e-04 
 1.94585883e+01  3.41562624e-04  2.32242380e-05  1.94585883e+01 -1.02575931e-02  1.44218723e-03  1.94585883e+01 -9.31842592e-01  1.30961086e-01  1.94585883e+01  9.75639747e-01 -2.13165031e-04 
 1.96839624e+01  3.49588671e-04  2.31938629e-05  1.96839624e+01 -1.04888313e-02  1.51787257e-03  1.96839624e+01 -9.31154717e-01  1.34697871e-01  1.96839624e+01  9.75639663e-01 -2.10725787e-04 
 1.99119469e+01  3.57801331e-04  2.31523092e-05  1.99119469e+01 -1.07249888e-02  1.59644815e-03  1.99119469e+01 -9.30441881e-01  1.38447347e-01  1.99119469e+01  9.75639582e-01 -2.08314423e-04 
 2.01425719e+01  3.66204930e-04  2.30990709e-05  2.01425719e+01 -1.09661588e-02  1.67801409e-03  2.01425719e+01 -9.29703756e-01  1.42209777e-01  2.01425719e+01  9.75639502e-01 -2.05930621e-04 
 2.03758681e+01  3.74803898e-04  2.30336229e-05  2.03758681e+01 -1.12124355e-02  1.76267376e-03  2.03758681e+01 -9.28940006e-01  1.45985423e-01  2.03758681e+01  9.75639424e-01 -2.03574069e-04 
 2.06118663e+01  3.83602764e-04  2.29554204e-05  2.06118663e+01 -1.14639146e-02  1.85053394e-03  2.06118663e+01 -9.28150281e-01  1.49774540e-01  2.06118663e+01  9.75639348e-01 -2.01244454e-04 
 2.08505980e+01  3.92606162e-04  2.28638981e-05  2.08505980e+01 -1.17206927e-02  1.94170486e-03  2.08505980e+01 -9.27334222e-01  1.53577379e-01  2.08505980e+01  9.75639274e-01 -1.98941471e-04 
 2.10920947e+01  4.01818834e-04  2.27584694e-05  2.10920947e+01 -1.19828677e-02  2.03630032e-03  2.10920947e+01 -9.26491460e-01  1.57394187e-01  2.10920947e+01  9.75639201e-01 -1.96664816e-04 
 2.13363885e+01  4.11245631e-04  2.26385257e-05  2.13363885e+01 -1.22505387e-02  2.13443782e-03  2.13363885e+01 -9.25621614e-01  1.61225206e-01  2.13363885e+01  9.75639130e-01 -1.94414189e-04 
 2.15835118e+01  4.20891515e-04  2.25034358e-05  2.15835118e+01 -1.25238057e-02  2.23623865e-03  2.15835118e+01 -9.24724293e-01  1.65070671e-01  2.15835118e+01  9.75639061e-01 -1.92189293e-04 
 2.18334973e+01  4.30761565e-04  2.23525449e-05  2.18334973e+01 -1.28027699e-02  2.34182798e-03  2.18334973e+01 -9.23799092e-01  1.68930814e-01  2.18334973e+01  9.75638993e-01 -1.89989834e-04 
 2.20863782e+01  4.40860974e-04  2.21851735e-05  2.20863782e+01 -1.30875337e-02  2.45133504e-03  2.20863782e+01 -9.22845599e-01  1.72805860e-01  2.20863782e+01  9.75638927e-01 -1.87815524e-04 
 2.23421880e+01  4.51195055e-04  2.20006172e-05  2.23421880e+01 -1.33782003e-02  2.56489316e-03  2.23421880e+01 -9.21863388e-01  1.76696028e-01  2.23421880e+01  9.75638862e-01 -1.85666074e-04 
 2.26009606e+01  4.61769247e-04  2.17981453e-05  2.26009606e+01 -1.36748740e-02  2.68263995e-03  2.26009606e+01 -9.20852022e-01  1.80601531e-01  2.26009606e+01  9.75638799e-01 -1.83541202e-04 
 2.28627305e+01  4.72589109e-04  2.15769998e-05  2.28627305e+01 -1.39776601e-02  2.80471739e-03  2.28627305e+01 -9.19811054e-01  1.84522576e-01  2.28627305e+01  9.75638737e-01 -1.81440627e-04 
 2.31275322e+01  4.83660333e-04  2.13363948e-05  2.31275322e+01 -1.42866647e-02  2.93127197e-03  2.31275322e+01 -9.18740024e-01  1.88459363e-01  2.31275322e+01  9.75638677e-01 -1.79364072e-04 
 2.33954009e+01  4.94988738e-04  2.10755152e-05  2.33954009e+01 -1.46019947e-02  3.06245483e-03  2.33954009e+01 -9.17638461e-01  1.92412084e-01  2.33954009e+01  9.75638618e-01 -1.77311263e-04 
 2.36663722e+01  5.06580279e-04  2.07935160e-05  2.36663722e+01 -1.49237582e-02  3.19842186e-03  2.36663722e+01 -9.16505884e-01  1.96380925e-01  2.36663722e+01  9.75638560e-01 -1.75281930e-04 
 2.39404819e+01  5.18441049e-04  2.04895207e-05  2.39404819e+01 -1.52520636e-02  3.33933385e-03  2.39404819e+01 -9.15341797e-01  2.00366064e-01  2.39404819e+01  9.75638504e-01 -1.73275804e-04 
 2.42177664e+01  5.30577278e-04  2.01626206e-05  2.42177664e+01 -1.55870204e-02  3.48535665e-03  2.42177664e+01 -9.14145697e-01  2.04367669e-01  2.42177664e+01  9.75638449e-01 -1.71292621e-04 
 2.44982624e+01  5.42995342e-04  1.98118738e-05  2.44982624e+01 -1.59287384e-02  3.63666127e-03  2.44982624e+01 -9.12917064e-01  2.08385904e-01  2.44982624e+01  9.75638395e-01 -1.69332118e-04 
 2.47820073e+01  5.55701763e-04  1.94363034e-05  2.47820073e+01 -1.62773282e-02  3.79342408e-03  2.47820073e+01 -9.11655371e-01  2.12420922e-01  2.47820073e+01  9.75638342e-01 -1.67394038e-04 
 2.50690385e+01  5.68703212e-04  1.90348968e-05  2.50690385e+01 -1.66329010e-02  3.95582687e-03  2.50690385e+01 -9.10360075e-01  2.16472865e-01  2.50690385e+01  9.75638291e-01 -1.65478124e-04 
 2.53593943e+01  5.82006514e-04  1.86066044e-05  2.53593943e+01 -1.69955682e-02  4.12405710e-03  2.53593943e+01 -9.09030625e-01  2.20541869e-01  2.53593943e+01  9.75638240e-01 -1.63584123e-04 
 2.56531130e+01  5.95618650e-04  1.81503379e-05  2.56531130e+01 -1.73654417e-02  4.29830799e-03  2.56531130e+01 -9.07666454e-01  2.24628060e-01  2.56531130e+01  9.75638191e-01 -1.61711786e-04 
 2.59502336e+01  6.09546763e-04  1.76649694e-05  2.59502336e+01 -1.77426337e-02  4.47877866e-03  2.59502336e+01 -9.06266988e-01  2.28731552e-01  2.59502336e+01  9.75638143e-01 -1.59860864e-04 
 2.62507955e+01  6.23798158e-04  1.71493296e-05  2.62507955e+01 -1.81272565e-02  4.66567436e-03  2.62507955e+01 -9.04831635e-01  2.32852450e-01  2.62507955e+01  9.75638097e-01 -1.58031113e-04 
 2.65548386e+01  6.38380308e-04  1.66022066e-05  2.65548386e+01 -1.85194226e-02  4.85920657e-03  2.65548386e+01 -9.03359797e-01  2.36990849e-01  2.65548386e+01  9.75638051e-01 -1.56222292e-04 
 2.68624032e+01  6.53300858e-04  1.60223443e-05  2.68624032e+01 -1.89192444e-02  5.05959318e-03  2.68624032e+01 -9.01850860e-01  2.41146831e-01  2.68624032e+01  9.75638006e-01 -1.54434162e-04 
 2.71735301e+01  6.68567628e-04  1.54084408e-05  2.71735301e+01 -1.93268342e-02  5.26705866e-03  2.71735301e+01 -9.00304198e-01  2.45320469e-01  2.71735301e+01  9.75637962e-01 -1.52666487e-04 
 2.74882606e+01  6.84188618e-04  1.47591470e-05  2.74882606e+01 -1.97423041e-02  5.48183424e-03  2.74882606e+01 -8.98719176e-01  2.49511821e-01  2.74882606e+01  9.75637919e-01 -1.50919032e-04 
 2.78066363e+01  7.00172009e-04  1.40730645e-05  2.78066363e+01 -2.01657658e-02  5.70415805e-03  2.78066363e+01 -8.97095143e-01  2.53720935e-01  2.78066363e+01  9.75637878e-01 -1.49191568e-04 
 2.81286996e+01  7.16526171e-04  1.33487443e-05  2.81286996e+01 -2.05973305e-02  5.93427533e-03  2.81286996e+01 -8.95431439e-01  2.57947845e-01  2.81286996e+01  9.75637837e-01 -1.47483865e-04 
 2.84544930e+01  7.33259665e-04  1.25846848e-05  2.84544930e+01 -2.10371088e-02  6.17243859e-03  2.84544930e+01 -8.93727390e-01  2.62192573e-01  2.84544930e+01  9.75637797e-01 -1.45795698e-04 
 2.87840599e+01  7.50381249e-04  1.17793298e-05  2.87840599e+01 -2.14852106e-02  6.41890780e-03  2.87840599e+01 -8.91982311e-01  2.66455125e-01  2.87840599e+01  9.75637758e-01 -1.44126845e-04 
 2.91174439e+01  7.67899880e-04  1.09310670e-05  2.91174439e+01 -2.19417448e-02  6.67395054e-03  2.91174439e+01 -8.90195505e-01  2.70735496e-01  2.91174439e+01  9.75637720e-01 -1.42477083e-04 
 2.94546893e+01  7.85824721e-04  1.00382256e-05  2.94546893e+01 -2.24068192e-02  6.93784222e-03  2.94546893e+01 -8.88366262e-01  2.75033663e-01  2.94546893e+01  9.75637682e-01 -1.40846196e-04 
 2.97958407e+01  8.04165142e-04  9.09907450e-06  2.97958407e+01 -2.28805404e-02  7.21086625e-03  2.97958407e+01 -8.86493861e-01  2.79349591e-01  2.97958407e+01  9.75637646e-01 -1.39233968e-04 
 3.01409434e+01  8.22930728e-04  8.11182002e-06  3.01409434e+01 -2.33630135e-02  7.49331425e-03  3.01409434e+01 -8.84577570e-01  2.83683228e-01  3.01409434e+01  9.75637611e-01 -1.37640185e-04 
 3.04900431e+01  8.42131286e-04  7.07460377e-06  3.04900431e+01 -2.38543421e-02  7.78548617e-03  3.04900431e+01 -8.82616641e-01  2.88034504e-01  3.04900431e+01  9.75637576e-01 -1.36064637e-04 
 3.08431862e+01  8.61776841e-04  5.98550040e-06  3.08431862e+01 -2.43546278e-02  8.08769059e-03  3.08431862e+01 -8.80610321e-01  2.92403336e-01  3.08431862e+01  9.75637542e-01 -1.34507116e-04 
 3.12004195e+01  8.81877651e-04  4.84251516e-06  3.12004195e+01 -2.48639704e-02  8.40024481e-03  3.12004195e+01 -8.78557839e-01  2.96789620e-01  3.12004195e+01  9.75637509e-01 -1.32967415e-04 
 3.15617904e+01  9.02444206e-04  3.64358154e-06  3.15617904e+01 -2.53824673e-02  8.72347510e-03  3.15617904e+01 -8.76458416e-01  3.01193239e-01  3.15617904e+01  9.75637476e-01 -1.31445331e-04 
 3.19273468e+01  9.23487236e-04  2.38655868e-06  3.19273468e+01 -2.59102135e-02  9.05771688e-03  3.19273468e+01 -8.74311262e-01  3.05614052e-01  3.19273468e+01  9.75637444e-01 -1.29940663e-04 
 3.22971371e+01  9.45017714e-04  1.06922883e-06  3.22971371e+01 -2.64473011e-02  9.40331490e-03  3.22971371e+01 -8.72115572e-01  3.10051904e-01  3.22971371e+01  9.75637413e-01 -1.28453211e-04 
 3.26712104e+01  9.67046862e-04 -3.10705421e-07  3.26712104e+01 -2.69938196e-02  9.76062348e-03  3.26712104e+01 -8.69870535e-01  3.14506617e-01  3.26712104e+01  9.75637383e-01 -1.26982779e-04 
 3.30496163e+01  9.89586161e-04 -1.75562389e-06  3.30496163e+01 -2.75498548e-02  1.01300066e-02  3.30496163e+01 -8.67575325e-01  3.18977996e-01  3.30496163e+01  9.75637354e-01 -1.25529173e-04 
 3.34324050e+01  1.01264735e-03 -3.26799173e-06  3.34324050e+01 -2.81154894e-02  1.05118384e-02  3.34324050e+01 -8.65229107e-01  3.23465824e-01  3.34324050e+01  9.75637325e-01 -1.24092199e-04 
 3.38196273e+01  1.03624243e-03 -4.85036237e-06  3.38196273e+01 -2.86908021e-02  1.09065027e-02  3.38196273e+01 -8.62831035e-01  3.27969862e-01  3.38196273e+01  9.75637296e-01 -1.22671669e-04 
 3.42113345e+01  1.06038369e-03 -6.50538069e-06  3.42113345e+01 -2.92758675e-02  1.13143941e-02  3.42113345e+01 -8.60380254e-01  3.32489849e-01  3.42113345e+01  9.75637269e-01 -1.21267394e-04 
 3.46075785e+01  1.08508367e-03 -8.23578614e-06  3.46075785e+01 -2.98707558e-02  1.17359175e-02  3.46075785e+01 -8.57875896e-01  3.37025504e-01  3.46075785e+01  9.75637242e-01 -1.19879188e-04 
 3.50084119e+01  1.11035523e-03 -1.00444161e-05  3.50084119e+01 -3.04755325e-02  1.21714884e-02  3.50084119e+01 -8.55317086e-01  3.41576521e-01  3.50084119e+01  9.75637215e-01 -1.18506868e-04 
 3.54138879e+01  1.13621150e-03 -1.19342093e-05  3.54138879e+01 -3.10902579e-02  1.26215335e-02  3.54138879e+01 -8.52702938e-01  3.46142570e-01  3.54138879e+01  9.75637190e-01 -1.17150251e-04 
 3.58240602e+01  1.16266590e-03 -1.39082095e-05  3.58240602e+01 -3.17149870e-02  1.30864902e-02  3.58240602e+01 -8.50032557e-01  3.50723296e-01  3.58240602e+01  9.75637165e-01 -1.15809159e-04 
 3.62389832e+01  1.18973217e-03 -1.59695687e-05  3.62389832e+01 -3.23497687e-02  1.35668074e-02  3.62389832e+01 -8.47305039e-01  3.55318322e-01  3.62389832e+01  9.75637140e-01 -1.14483414e-04 
 3.66587119e+01  1.21742435e-03 -1.81215516e-05  3.66587119e+01 -3.29946460e-02  1.40629453e-02  3.66587119e+01 -8.44519473e-01  3.59927241e-01  3.66587119e+01  9.75637116e-01 -1.13172841e-04 
 3.70833021e+01  1.24575681e-03 -2.03675390e-05  3.70833021e+01 -3.36496550e-02  1.45753759e-02  3.70833021e+01 -8.41674937e-01  3.64549623e-01  3.70833021e+01  9.75637092e-01 -1.11877266e-04 
 3.75128099e+01  1.27474423e-03 -2.27110321e-05  3.75128099e+01 -3.43148249e-02  1.51045828e-02  3.75128099e+01 -8.38770504e-01  3.69185009e-01  3.75128099e+01  9.75637069e-01 -1.10596518e-04 
 3.79472924e+01  1.30440162e-03 -2.51556566e-05  3.79472924e+01 -3.49901774e-02  1.56510615e-02  3.79472924e+01 -8.35805237e-01  3.73832912e-01  3.79472924e+01  9.75637047e-01 -1.09330426e-04 
 3.83868072e+01  1.33474436e-03 -2.77051674e-05  3.83868072e+01 -3.56757261e-02  1.62153199e-02  3.83868072e+01 -8.32778194e-01  3.78492817e-01  3.83868072e+01  9.75637025e-01 -1.08078825e-04 
 3.88314126e+01  1.36578813e-03 -3.03634523e-05  3.88314126e+01 -3.63714763e-02  1.67978778e-02  3.88314126e+01 -8.29688425e-01  3.83164180e-01  3.88314126e+01  9.75637004e-01 -1.06841547e-04 
 3.92811675e+01  1.39754899e-03 -3.31345375e-05  3.92811675e+01 -3.70774244e-02  1.73992675e-02  3.92811675e+01 -8.26534977e-01  3.87846426e-01  3.92811675e+01  9.75636983e-01 -1.05618429e-04 
 3.97361316e+01  1.43004336e-03 -3.60225920e-05  3.97361316e+01 -3.77935571e-02  1.80200341e-02  3.97361316e+01 -8.23316889e-01  3.92538950e-01  3.97361316e+01  9.75636962e-01 -1.04409310e-04 
 4.01963651e+01  1.46328802e-03 -3.90319325e-05  4.01963651e+01 -3.85198515e-02  1.86607350e-02  4.01963651e+01 -8.20033195e-01  3.97241115e-01  4.01963651e+01  9.75636942e-01 -1.03214028e-04 
 4.06619292e+01  1.49730014e-03 -4.21670289e-05  4.06619292e+01 -3.92562739e-02  1.93219405e-02  4.06619292e+01 -8.16682926e-01  4.01952253e-01  4.06619292e+01  9.75636923e-01 -1.02032427e-04 
 4.11328856e+01  1.53209726e-03 -4.54325092e-05  4.11328856e+01 -4.00027796e-02  2.00042338e-02  4.11328856e+01 -8.13265110e-01  4.06671660e-01  4.11328856e+01  9.75636904e-01 -1.00864349e-04 
 4.16092967e+01  1.56769732e-03 -4.88331653e-05  4.16092967e+01 -4.07593122e-02  2.07082111e-02  4.16092967e+01 -8.09778772e-01  4.11398602e-01  4.16092967e+01  9.75636885e-01 -9.97096393e-05 
 4.20912258e+01  1.60411867e-03 -5.23739587e-05  4.20912258e+01 -4.15258030e-02  2.14344815e-02  4.20912258e+01 -8.06222932e-01  4.16132308e-01  4.20912258e+01  9.75636867e-01 -9.85681459e-05 
 4.25787366e+01  1.64138005e-03 -5.60600262e-05  4.25787366e+01 -4.23021703e-02  2.21836675e-02  4.25787366e+01 -8.02596613e-01  4.20871973e-01  4.25787366e+01  9.75636849e-01 -9.74397173e-05 
 4.30718939e+01  1.67950063e-03 -5.98966860e-05  4.30718939e+01 -4.30883189e-02  2.29564046e-02  4.30718939e+01 -7.98898835e-01  4.25616755e-01  4.30718939e+01  9.75636831e-01 -9.63242041e-05 
 4.35707631e+01  1.71850002e-03 -6.38894442e-05  4.35707631e+01 -4.38841393e-02  2.37533413e-02  4.35707631e+01 -7.95128618e-01  4.30365776e-01  4.35707631e+01  9.75636814e-01 -9.52214584e-05 
 4.40754103e+01  1.75839825e-03 -6.80440013e-05  4.40754103e+01 -4.46895070e-02  2.45751398e-02  4.40754103e+01 -7.91284983e-01  4.35118121e-01  4.40754103e+01  9.75636798e-01 -9.41313344e-05 
 4.45859025e+01  1.79921581e-03 -7.23662586e-05  4.45859025e+01 -4.55042819e-02  2.54224751e-02  4.45859025e+01 -7.87366956e-01  4.39872837e-01  4.45859025e+01  9.75636781e-01 -9.30536876e-05 
 4.51023073e+01  1.84097362e-03 -7.68623255e-05  4.51023073e+01 -4.63283075e-02  2.62960356e-02  4.51023073e+01 -7.83373561e-01  4.44628930e-01  4.51023073e+01  9.75636766e-01 -9.19883753e-05 
 4.56246932e+01  1.88369309e-03 -8.15385268e-05  4.56246932e+01 -4.71614100e-02  2.71965228e-02  4.56246932e+01 -7.79303831e-01  4.49385369e-01  4.56246932e+01  9.75636750e-01 -9.09352565e-05 
 4.61531295e+01  1.92739610e-03 -8.64014097e-05  4.61531295e+01 -4.80033978e-02  2.81246513e-02  4.61531295e+01 -7.75156801e-01  4.54141082e-01  4.61531295e+01  9.75636735e-01 -8.98941916e-05 
 4.66876863e+01  1.97210502e-03 -9.14577519e-05  4.66876863e+01 -4.88540604e-02  2.90811487e-02  4.66876863e+01 -7.70931513e-01  4.58894955e-01  4.66876863e+01  9.75636720e-01 -8.88650428e-05 
 4.72284345e+01  2.01784269e-03 -9.67145693e-05  4.72284345e+01 -4.97131677e-02  3.00667556e-02  4.72284345e+01 -7.66627016e-01  4.63645834e-01  4.72284345e+01  9.75636706e-01 -8.78476738e-05 
 4.77754457e+01  2.06463249e-03 -1.02179125e-04  4.77754457e+01 -5.05804694e-02  3.10822252e-02  4.77754457e+01 -7.62242367e-01  4.68392521e-01  4.77754457e+01  9.75636691e-01 -8.68419498e-05 
 4.83287926e+01  2.11249830e-03 -1.07858935e-04  4.83287926e+01 -5.14556937e-02  3.21283234e-02  4.83287926e+01 -7.57776635e-01  4.73133777e-01  4.83287926e+01  9.75636678e-01 -8.58477376e-05 
 4.88885485e+01  2.16146451e-03 -1.13761783e-04  4.88885485e+01 -5.23385465e-02  3.32058283e-02  4.88885485e+01 -7.53228896e-01  4.77868318e-01  4.88885485e+01  9.75636664e-01 -8.48649056e-05 
 4.94547876e+01  2.21155608e-03 -1.19895722e-04  4.94547876e+01 -5.32287110e-02  3.43155304e-02  4.94547876e+01 -7.48598243e-01  4.82594817e-01  4.94547876e+01  9.75636651e-01 -8.38933234e-05 
 5.00275850e+01  2.26279849e-03 -1.26269090e-04  5.00275850e+01 -5.41258459e-02  3.54582318e-02  5.00275850e+01 -7.43883778e-01  4.87311901e-01  5.00275850e+01  9.75636638e-01 -8.29328625e-05 
 5.06070167e+01  2.31521781e-03 -1.32890515e-04  5.06070167e+01 -5.50295853e-02  3.66347464e-02  5.06070167e+01 -7.39084622e-01  4.92018153e-01  5.06070167e+01  9.75636625e-01 -8.19833956e-05 
 5.11931595e+01  2.36884065e-03 -1.39768929e-04  5.11931595e+01 -5.59395371e-02  3.78458992e-02  5.11931595e+01 -7.34199910e-01  4.96712110e-01  5.11931595e+01  9.75636613e-01 -8.10447969e-05 
 5.17860911e+01  2.42369422e-03 -1.46913575e-04  5.17860911e+01 -5.68552825e-02  3.90925261e-02  5.17860911e+01 -7.29228796e-01  5.01392262e-01  5.17860911e+01  9.75636601e-01 -8.01169421e-05 
 5.23858903e+01  2.47980633e-03 -1.54334021e-04  5.23858903e+01 -5.77763746e-02  4.03754736e-02  5.23858903e+01 -7.24170454e-01  5.06057054e-01  5.23858903e+01  9.75636589e-01 -7.91997082e-05 
 5.29926364e+01  2.53720538e-03 -1.62040167e-04  5.29926364e+01 -5.87023376e-02  4.16955978e-02  5.29926364e+01 -7.19024079e-01  5.10704883e-01  5.29926364e+01  9.75636578e-01 -7.82929738e-05 
 5.36064101e+01  2.59592040e-03 -1.70042262e-04  5.36064101e+01 -5.96326657e-02  4.30537647e-02  5.36064101e+01 -7.13788888e-01  5.15334097e-01  5.36064101e+01  9.75636566e-01 -7.73966187e-05 
 5.42272926e+01  2.65598105e-03 -1.78350911e-04  5.42272926e+01 -6.05668220e-02  4.44508488e-02  5.42272926e+01 -7.08464126e-01  5.19943000e-01  5.42272926e+01  9.75636555e-01 -7.65105242e-05 
 5.48553663e+01  2.71741764e-03 -1.86977088e-04  5.48553663e+01 -6.15042377e-02  4.58877332e-02  5.48553663e+01 -7.03049061e-01  5.24529845e-01  5.48553663e+01  9.75636545e-01 -7.56345728e-05 
 5.54907146e+01  2.78026113e-03 -1.95932153e-04  5.54907146e+01 -6.24443105e-02  4.73653085e-02  5.54907146e+01 -6.97542991e-01  5.29092837e-01  5.54907146e+01  9.75636534e-01 -7.47686485e-05 
 5.61334215e+01  2.84454316e-03 -2.05227858e-04  5.61334215e+01 -6.33864042e-02  4.88844723e-02  5.61334215e+01 -6.91945244e-01  5.33630134e-01  5.61334215e+01  9.75636524e-01 -7.39126366e-05 
 5.67835725e+01  2.91029603e-03 -2.14876366e-04  5.67835725e+01 -6.43298469e-02  5.04461284e-02  5.67835725e+01 -6.86255180e-01  5.38139845e-01  5.67835725e+01  9.75636514e-01 -7.30664237e-05 
 5.74412537e+01  2.97755276e-03 -2.24890265e-04  5.74412537e+01 -6.52739304e-02  5.20511858e-02  5.74412537e+01 -6.80472195e-01  5.42620031e-01  5.74412537e+01  9.75636504e-01 -7.22298975e-05 
 5.81065523e+01  3.04634708e-03 -2.35282579e-04  5.81065523e+01 -6.62179089e-02  5.37005581e-02  5.81065523e+01 -6.74595718e-01  5.47068703e-01  5.81065523e+01  9.75636494e-01 -7.14029474e-05 
 5.87795566e+01  3.11671343e-03 -2.46066784e-04  5.87795566e+01 -6.71609979e-02  5.53951623e-02  5.87795566e+01 -6.68625218e-01  5.51483825e-01  5.87795566e+01  9.75636485e-01 -7.05854636e-05 
 5.94603558e+01  3.18868700e-03 -2.57256825e-04  5.94603558e+01 -6.81023732e-02  5.71359181e-02  5.94603558e+01 -6.62560207e-01  5.55863312e-01  5.94603558e+01  9.75636476e-01 -6.97773380e-05 
 6.01490401e+01  3.26230373e-03 -2.68867133e-04  6.01490401e+01 -6.90411695e-02  5.89237464e-02  6.01490401e+01 -6.56400235e-01  5.60205031e-01  6.01490401e+01  9.75636467e-01 -6.89784634e-05 
 6.08457009e+01  3.33760032e-03 -2.80912636e-04  6.08457009e+01 -6.99764796e-02  6.07595686e-02  6.08457009e+01 -6.50144900e-01  5.64506802e-01  6.08457009e+01  9.75636458e-01 -6.81887338e-05 
 6.15504307e+01  3.41461427e-03 -2.93408783e-04  6.15504307e+01 -7.09073531e-02  6.26443051e-02  6.15504307e+01 -6.43793847e-01  5.68766398e-01  6.15504307e+01  9.75636450e-01 -6.74080448e-05 
 6.22633228e+01  3.49338386e-03 -3.06371557e-04  6.22633228e+01 -7.18327956e-02  6.45788740e-02  6.22633228e+01 -6.37346770e-01  5.72981544e-01  6.22633228e+01  9.75636441e-01 -6.66362928e-05 
 6.29844718e+01  3.57394818e-03 -3.19817492e-04  6.29844718e+01 -7.27517671e-02  6.65641900e-02  6.29844718e+01 -6.30803414e-01  5.77149919e-01  6.29844718e+01  9.75636433e-01 -6.58733756e-05 
 6.37139733e+01  3.65634717e-03 -3.33763698e-04  6.37139733e+01 -7.36631814e-02  6.86011627e-02  6.37139733e+01 -6.24163580e-01  5.81269157e-01  6.37139733e+01  9.75636425e-01 -6.51191920e-05 
 6.44519241e+01  3.74062157e-03 -3.48227874e-04  6.44519241e+01 -7.45659051e-02  7.06906953e-02  6.44519241e+01 -6.17427123e-01  5.85336847e-01  6.44519241e+01  9.75636418e-01 -6.43736422e-05 
 6.51984220e+01  3.82681303e-03 -3.63228331e-04  6.51984220e+01 -7.54587561e-02  7.28336826e-02  6.51984220e+01 -6.10593960e-01  5.89350535e-01  6.51984220e+01  9.75636410e-01 -6.36366272e-05 
 6.59535660e+01  3.91496404e-03 -3.78784014e-04  6.59535660e+01 -7.63405029e-02  7.50310101e-02  6.59535660e+01 -6.03664068e-01  5.93307722e-01  6.59535660e+01  9.75636403e-01 -6.29080495e-05 
 6.67174563e+01  4.00511797e-03 -3.94914518e-04  6.67174563e+01 -7.72098640e-02  7.72835514e-02  6.67174563e+01 -5.96637489e-01  5.97205868e-01  6.67174563e+01  9.75636395e-01 -6.21878125e-05 
 6.74901942e+01  4.09731914e-03 -4.11640116e-04  6.74901942e+01 -7.80655061e-02  7.95921669e-02  6.74901942e+01 -5.89514329e-01  6.01042394e-01  6.74901942e+01  9.75636388e-01 -6.14758207e-05 
 6.82718821e+01  4.19161274e-03 -4.28981780e-04  6.82718821e+01 -7.89060442e-02  8.19577017e-02  6.82718821e+01 -5.82294765e-01  6.04814680e-01  6.82718821e+01  9.75636381e-01 -6.07719797e-05 
 6.90626237e+01  4.28804494e-03 -4.46961201e-04  6.90626237e+01 -7.97300400e-02  8.43809836e-02  6.90626237e+01 -5.74979046e-01  6.08520069e-01  6.90626237e+01  9.75636374e-01 -6.00761963e-05 
 6.98625238e+01  4.38666283e-03 -4.65600820e-04  6.98625238e+01 -8.05360015e-02  8.68628212e-02  6.98625238e+01 -5.67567494e-01  6.12155866e-01  6.98625238e+01  9.75636368e-01 -5.93883783e-05 
 7.06716886e+01  4.48751451e-03 -4.84923846e-04  7.06716886e+01 -8.13223821e-02  8.94040014e-02  7.06716886e+01 -5.60060508e-01  6.15719345e-01  7.06716886e+01  9.75636361e-01 -5.87084344e-05 
 7.14902253e+01  4.59064903e-03 -5.04954285e-04  7.14902253e+01 -8.20875802e-02  9.20052872e-02  7.14902253e+01 -5.52458566e-01  6.19207743e-01  7.14902253e+01  9.75636355e-01 -5.80362746e-05 
 7.23182426e+01  4.69611647e-03 -5.25716970e-04  7.23182426e+01 -8.28299381e-02  9.46674158e-02  7.23182426e+01 -5.44762227e-01  6.22618270e-01  7.23182426e+01  9.75636349e-01 -5.73718099e-05 
 7.31558501e+01  4.80396793e-03 -5.47237581e-04  7.31558501e+01 -8.35477419e-02  9.73910954e-02  7.31558501e+01 -5.36972135e-01  6.25948104e-01  7.31558501e+01  9.75636343e-01 -5.67149520e-05 
 7.40031590e+01  4.91425553e-03 -5.69542681e-04  7.40031590e+01 -8.42392209e-02  1.00177004e-01  7.40031590e+01 -5.29089020e-01  6.29194400e-01  7.40031590e+01  9.75636337e-01 -5.60656140e-05 
 7.48602816e+01  5.02703248e-03 -5.92659742e-04  7.48602816e+01 -8.49025471e-02  1.03025784e-01  7.48602816e+01 -5.21113701e-01  6.32354286e-01  7.48602816e+01  9.75636331e-01 -5.54237097e-05 
 7.57273317e+01  5.14235303e-03 -6.16617172e-04  7.57273317e+01 -8.55358351e-02  1.05938043e-01  7.57273317e+01 -5.13047089e-01  6.35424870e-01  7.57273317e+01  9.75636325e-01 -5.47891542e-05 
 7.66044241e+01  5.26027254e-03 -6.41444353e-04  7.66044241e+01 -8.61371418e-02  1.08914350e-01  7.66044241e+01 -5.04890186e-01  6.38403242e-01  7.66044241e+01  9.75636320e-01 -5.41618632e-05 
 7.74916752e+01  5.38084749e-03 -6.67171670e-04  7.74916752e+01 -8.67044663e-02  1.11955230e-01  7.74916752e+01 -4.96644094e-01  6.41286473e-01  7.74916752e+01  9.75636315e-01 -5.35417537e-05 
 7.83892027e+01  5.50413547e-03 -6.93830542e-04  7.83892027e+01 -8.72357500e-02  1.15061165e-01  7.83892027e+01 -4.88310010e-01  6.44071624e-01  7.83892027e+01  9.75636309e-01 -5.29287435e-05 
 7.92971256e+01  5.63019521e-03 -7.21453459e-04  7.92971256e+01 -8.77288766e-02  1.18232588e-01  7.92971256e+01 -4.79889233e-01  6.46755746e-01  7.92971256e+01  9.75636304e-01 -5.23227512e-05 
 8.02155642e+01  5.75908662e-03 -7.50074019e-04  8.02155642e+01 -8.81816724e-02  1.21469881e-01  8.02155642e+01 -4.71383162e-01  6.49335881e-01  8.02155642e+01  9.75636299e-01 -5.17236966e-05 
 8.11446405e+01  5.89087078e-03 -7.79726960e-04  8.11446405e+01 -8.85919068e-02  1.24773372e-01  8.11446405e+01 -4.62793304e-01  6.51809070e-01  8.11446405e+01  9.75636294e-01 -5.11315002e-05 
 8.20844775e+01  6.02560997e-03 -8.10448202e-04  8.20844775e+01 -8.89572926e-02  1.28143332e-01  8.20844775e+01 -4.54121268e-01  6.54172354e-01  8.20844775e+01  9.75636289e-01 -5.05460836e-05 
 8.30351999e+01  6.16336768e-03 -8.42274881e-04  8.30351999e+01 -8.92754869e-02  1.31579971e-01  8.30351999e+01 -4.45368775e-01  6.56422778e-01  8.30351999e+01  9.75636285e-01 -4.99673691e-05 
 8.39969339e+01  6.30420864e-03 -8.75245397e-04  8.39969339e+01 -8.95440915e-02  1.35083436e-01  8.39969339e+01 -4.36537652e-01  6.58557394e-01  8.39969339e+01  9.75636280e-01 -4.93952801e-05 
 8.49698068e+01  6.44819883e-03 -9.09399445e-04  8.49698068e+01 -8.97606543e-02  1.38653805e-01  8.49698068e+01 -4.27629840e-01  6.60573268e-01  8.49698068e+01  9.75636276e-01 -4.88297406e-05 
 8.59539479e+01  6.59540550e-03 -9.44778066e-04  8.59539479e+01 -8.99226703e-02  1.42291086e-01  8.59539479e+01 -4.18647390e-01  6.62467480e-01  8.59539479e+01  9.75636271e-01 -4.82706758e-05 
 8.69494875e+01  6.74589717e-03 -9.81423688e-04  8.69494875e+01 -9.00275827e-02  1.45995214e-01  8.69494875e+01 -4.09592468e-01  6.64237133e-01  8.69494875e+01  9.75636267e-01 -4.77180115e-05 
 8.79565576e+01  6.89974369e-03 -1.01938017e-03  8.79565576e+01 -9.00727845e-02  1.49766045e-01  8.79565576e+01 -4.00467354e-01  6.65879353e-01  8.79565576e+01  9.75636263e-01 -4.71716745e-05 
 8.89752919e+01  7.05701620e-03 -1.05869285e-03  8.89752919e+01 -9.00556200e-02  1.53603354e-01  8.89752919e+01 -3.91274446e-01  6.67391295e-01  8.89752919e+01  9.75636259e-01 -4.66315923e-05 
 9.00058255e+01  7.21778720e-03 -1.09940859e-03  9.00058255e+01 -8.99733868e-02  1.57506831e-01  9.00058255e+01 -3.82016257e-01  6.68770151e-01  9.00058255e+01  9.75636255e-01 -4.60976933e-05 
 9.10482949e+01  7.38213053e-03 -1.14157584e-03  9.10482949e+01 -8.98233379e-02  1.61476079e-01  9.10482949e+01 -3.72695414e-01  6.70013149e-01  9.10482949e+01  9.75636251e-01 -4.55699068e-05 
 9.21028385e+01  7.55012139e-03 -1.18524466e-03  9.21028385e+01 -8.96026835e-02  1.65510609e-01  9.21028385e+01 -3.63314667e-01  6.71117562e-01  9.21028385e+01  9.75636247e-01 -4.50481627e-05 
 9.31695960e+01  7.72183640e-03 -1.23046680e-03  9.31695960e+01 -8.93085937e-02  1.69609835e-01  9.31695960e+01 -3.53876880e-01  6.72080713e-01  9.31695960e+01  9.75636243e-01 -4.45323920e-05 
 9.42487090e+01  7.89735354e-03 -1.27729574e-03  9.42487090e+01 -8.89382011e-02  1.73773074e-01  9.42487090e+01 -3.44385034e-01  6.72899977e-01  9.42487090e+01  9.75636240e-01 -4.40225262e-05 
 9.53403205e+01  8.07675224e-03 -1.32578676e-03  9.53403205e+01 -8.84886036e-02  1.77999541e-01  9.53403205e+01 -3.34842230e-01  6.73572791e-01  9.53403205e+01  9.75636236e-01 -4.35184977e-05 
 9.64445754e+01  8.26011334e-03 -1.37599697e-03  9.64445754e+01 -8.79568674e-02  1.82288344e-01  9.64445754e+01 -3.25251682e-01  6.74096653e-01  9.64445754e+01  9.75636233e-01 -4.30202398e-05 
 9.75616200e+01  8.44751913e-03 -1.42798540e-03  9.75616200e+01 -8.73400302e-02  1.86638482e-01  9.75616200e+01 -3.15616724e-01  6.74469134e-01  9.75616200e+01  9.75636229e-01 -4.25276864e-05 
 9.86916025e+01  8.63905337e-03 -1.48181305e-03  9.86916025e+01 -8.66351047e-02  1.91048843e-01  9.86916025e+01 -3.05940801e-01  6.74687879e-01  9.86916025e+01  9.75636226e-01 -4.20407721e-05 
 9.98346727e+01  8.83480129e-03 -1.53754294e-03  9.98346727e+01 -8.58390825e-02  1.95518199e-01  9.98346727e+01 -2.96227473e-01  6.74750614e-01  9.98346727e+01  9.75636223e-01 -4.15594324e-05 
 1.00990982e+02  9.03484960e-03 -1.59524018e-03  1.00990982e+02 -8.49489377e-02  2.00045202e-01  1.00990982e+02 -2.86480414e-01  6.74655151e-01  1.00990982e+02  9.75636220e-01 -4.10836036e-05 
 1.02160684e+02  9.23928651e-03 -1.65497205e-03  1.02160684e+02 -8.39616310e-02  2.04628384e-01  1.02160684e+02 -2.76703406e-01  6.74399394e-01  1.02160684e+02  9.75636216e-01 -4.06132224e-05 
 1.03343934e+02  9.44820175e-03 -1.71680806e-03  1.03343934e+02 -8.28741146e-02  2.09266152e-01  1.03343934e+02 -2.66900339e-01  6.73981346e-01  1.03343934e+02  9.75636213e-01 -4.01482266e-05 
 1.04540889e+02  9.66168656e-03 -1.78082002e-03  1.04540889e+02 -8.16833361e-02  2.13956786e-01  1.04540889e+02 -2.57075209e-01  6.73399110e-01  1.04540889e+02  9.75636211e-01 -3.96885546e-05 
 1.05751707e+02  9.87983373e-03 -1.84708211e-03  1.05751707e+02 -8.03862435e-02  2.18698434e-01  1.05751707e+02 -2.47232117e-01  6.72650899e-01  1.05751707e+02  9.75636208e-01 -3.92341453e-05 
 1.06976549e+02  1.01027376e-02 -1.91567095e-03  1.06976549e+02 -7.89797904e-02  2.23489113e-01  1.06976549e+02 -2.37375262e-01  6.71735040e-01  1.06976549e+02  9.75636205e-01 -3.87849385e-05 
 1.08215578e+02  1.03304940e-02 -1.98666568e-03  1.08215578e+02 -7.74609411e-02  2.28326707e-01  1.08215578e+02 -2.27508941e-01  6.70649978e-01  1.08215578e+02  9.75636202e-01 -3.83408746e-05 
 1.09468957e+02  1.05632003e-02 -2.06014806e-03  1.09468957e+02 -7.58266759e-02  2.33208960e-01  1.09468957e+02 -2.17637544e-01  6.69394285e-01  1.09468957e+02  9.75636199e-01 -3.79018949e-05 
 1.10736853e+02  1.08009556e-02 -2.13620252e-03  1.10736853e+02 -7.40739969e-02  2.38133478e-01  1.10736853e+02 -2.07765550e-01  6.67966660e-01  1.10736853e+02  9.75636197e-01 -3.74679410e-05 
 1.12019434e+02  1.10438605e-02 -2.21491624e-03  1.12019434e+02 -7.21999337e-02  2.43097730e-01  1.12019434e+02 -1.97897524e-01  6.66365940e-01  1.12019434e+02  9.75636194e-01 -3.70389555e-05 
 1.13316871e+02  1.12920170e-02 -2.29637927e-03  1.13316871e+02 -7.02015494e-02  2.48099038e-01  1.13316871e+02 -1.88038112e-01  6.64591098e-01  1.13316871e+02  9.75636192e-01 -3.66148815e-05 
 1.14629334e+02  1.15455288e-02 -2.38068459e-03  1.14629334e+02 -6.80759470e-02  2.53134585e-01  1.14629334e+02 -1.78192036e-01  6.62641256e-01  1.14629334e+02  9.75636189e-01 -3.61956627e-05 
 1.15956999e+02  1.18045013e-02 -2.46792821e-03  1.15956999e+02 -6.58202754e-02  2.58201408e-01  1.15956999e+02 -1.68364088e-01  6.60515684e-01  1.15956999e+02  9.75636187e-01 -3.57812436e-05 
 1.17300041e+02  1.20690413e-02 -2.55820925e-03  1.17300041e+02 -6.34317360e-02  2.63296401e-01  1.17300041e+02 -1.58559128e-01  6.58213805e-01  1.17300041e+02  9.75636184e-01 -3.53715692e-05 
 1.18658639e+02  1.23392572e-02 -2.65163007e-03  1.18658639e+02 -6.09075897e-02  2.68416312e-01  1.18658639e+02 -1.48782073e-01  6.55735203e-01  1.18658639e+02  9.75636182e-01 -3.49665852e-05 
 1.20032972e+02  1.26152591e-02 -2.74829631e-03  1.20032972e+02 -5.82451631e-02  2.73557743e-01  1.20032972e+02 -1.39037898e-01  6.53079622e-01  1.20032972e+02  9.75636180e-01 -3.45662379e-05 
 1.21423224e+02  1.28971585e-02 -2.84831705e-03  1.21423224e+02 -5.54418559e-02  2.78717154e-01  1.21423224e+02 -1.29331623e-01  6.50246975e-01  1.21423224e+02  9.75636178e-01 -3.41704743e-05 
 1.22829577e+02  1.31850686e-02 -2.95180485e-03  1.22829577e+02 -5.24951477e-02  2.83890860e-01  1.22829577e+02 -1.19668311e-01  6.47237343e-01  1.22829577e+02  9.75636176e-01 -3.37792418e-05 
 1.24252219e+02  1.34791041e-02 -3.05887592e-03  1.24252219e+02 -4.94026051e-02  2.89075032e-01  1.24252219e+02 -1.10053060e-01  6.44050983e-01  1.24252219e+02  9.75636173e-01 -3.33924886e-05 
 1.25691339e+02  1.37793811e-02 -3.16965019e-03  1.25691339e+02 -4.61618886e-02  2.94265699e-01  1.25691339e+02 -1.00490995e-01  6.40688326e-01  1.25691339e+02  9.75636171e-01 -3.30101634e-05 
 1.27147126e+02  1.40860174e-02 -3.28425142e-03  1.27147126e+02 -4.27707604e-02  2.99458752e-01  1.27147126e+02 -9.09872625e-02  6.37149986e-01  1.27147126e+02  9.75636169e-01 -3.26322155e-05 
 1.28619775e+02  1.43991324e-02 -3.40280732e-03  1.28619775e+02 -3.92270911e-02  3.04649942e-01  1.28619775e+02 -8.15470231e-02  6.33436755e-01  1.28619775e+02  9.75636167e-01 -3.22585948e-05 
 1.30109481e+02  1.47188468e-02 -3.52544967e-03  1.30109481e+02 -3.55288673e-02  3.09834886e-01  1.30109481e+02 -7.21754424e-02  6.29549611e-01  1.30109481e+02  9.75636166e-01 -3.18892517e-05 
 1.31616441e+02  1.50452827e-02 -3.65231445e-03  1.31616441e+02 -3.16741987e-02  3.15009065e-01  1.31616441e+02 -6.28776846e-02  6.25489720e-01  1.31616441e+02  9.75636164e-01 -3.15241374e-05 
 1.33140855e+02  1.53785640e-02 -3.78354192e-03  1.33140855e+02 -2.76613250e-02  3.20167833e-01  1.33140855e+02 -5.36589039e-02  6.21258431e-01  1.33140855e+02  9.75636162e-01 -3.11632033e-05 
 1.34682924e+02  1.57188157e-02 -3.91927678e-03  1.34682924e+02 -2.34886239e-02  3.25306418e-01  1.34682924e+02 -4.45242371e-02  6.16857284e-01  1.34682924e+02  9.75636160e-01 -3.08064016e-05 
 1.36242855e+02  1.60661643e-02 -4.05966831e-03  1.36242855e+02 -1.91546172e-02  3.30419924e-01  1.36242855e+02 -3.54787948e-02  6.12288009e-01  1.36242855e+02  9.75636158e-01 -3.04536851e-05 
 1.37820853e+02  1.64207377e-02 -4.20487044e-03  1.37820853e+02 -1.46579787e-02  3.35503338e-01  1.37820853e+02 -2.65276533e-02  6.07552521e-01  1.37820853e+02  9.75636157e-01 -3.01050069e-05 
 1.39417128e+02  1.67826651e-02 -4.35504197e-03  1.39417128e+02 -9.99754023e-03  3.40551535e-01  1.39417128e+02 -1.76758464e-02  6.02652930e-01  1.39417128e+02  9.75636155e-01 -2.97603208e-05 
 1.41031891e+02  1.71520770e-02 -4.51034662e-03  1.41031891e+02 -5.17229916e-03  3.45559281e-01  1.41031891e+02 -8.92835713e-03  5.97591529e-01  1.41031891e+02  9.75636153e-01 -2.94195811e-05 
 1.42665357e+02  1.75291052e-02 -4.67095321e-03  1.42665357e+02 -1.81424393e-04  3.50521239e-01  1.42665357e+02 -2.90108711e-04  5.92370801e-01  1.42665357e+02  9.75636152e-01 -2.90827426e-05 
 1.44317742e+02  1.79138825e-02 -4.83703583e-03  1.44317742e+02  4.97573702e-03  3.55431978e-01  1.44317742e+02  8.23404337e-03  5.86993415e-01  1.44317742e+02  9.75636150e-01 -2.87497607e-05 
 1.45989265e+02  1.83065431e-02 -5.00877392e-03  1.45989265e+02  1.02996538e-02  3.60285974e-01  1.45989265e+02  1.66393200e-02  5.81462225e-01  1.45989265e+02  9.75636149e-01 -2.84205912e-05 
 1.47680148e+02  1.87072222e-02 -5.18635247e-03  1.47680148e+02  1.57906043e-02  3.65077622e-01  1.47680148e+02  2.49210268e-02  5.75780264e-01  1.47680148e+02  9.75636147e-01 -2.80951905e-05 
 1.49390616e+02  1.91160560e-02 -5.36996217e-03  1.49390616e+02  2.14486714e-02  3.69801238e-01  1.49390616e+02  3.30745625e-02  5.69950746e-01  1.49390616e+02  9.75636146e-01 -2.77735154e-05 
 1.51120894e+02  1.95331816e-02 -5.55979951e-03  1.51120894e+02  2.72737365e-02  3.74451073e-01  1.51120894e+02  4.10954272e-02  5.63977061e-01  1.51120894e+02  9.75636144e-01 -2.74555233e-05 
 1.52871213e+02  1.99587373e-02 -5.75606700e-03  1.52871213e+02  3.32654749e-02  3.79021312e-01  1.52871213e+02  4.89792303e-02  5.57862770e-01  1.52871213e+02  9.75636143e-01 -2.71411719e-05 
 1.54641805e+02  2.03928618e-02 -5.95897332e-03  1.54641805e+02  3.94233509e-02  3.83506091e-01  1.54641805e+02  5.67216988e-02  5.51611604e-01  1.54641805e+02  9.75636142e-01 -2.68304197e-05 
 1.56432904e+02  2.08356950e-02 -6.16873343e-03  1.56432904e+02  4.57466135e-02  3.87899499e-01  1.56432904e+02  6.43186849e-02  5.45227455e-01  1.56432904e+02  9.75636140e-01 -2.65232254e-05 
 1.58244748e+02  2.12873771e-02 -6.38556880e-03  1.58244748e+02  5.22342924e-02  3.92195590e-01  1.58244748e+02  7.17661734e-02  5.38714376e-01  1.58244748e+02  9.75636139e-01 -2.62195483e-05 
 1.60077577e+02  2.17480491e-02 -6.60970755e-03  1.60077577e+02  5.88851942e-02  3.96388389e-01  1.60077577e+02  7.90602897e-02  5.32076571e-01  1.60077577e+02  9.75636138e-01 -2.59193481e-05 
 1.61931635e+02  2.22178525e-02 -6.84138461e-03  1.61931635e+02  6.56978998e-02  4.00471906e-01  1.61931635e+02  8.61973062e-02  5.25318395e-01  1.61931635e+02  9.75636136e-01 -2.56225850e-05 
 1.63807167e+02  2.26969288e-02 -7.08084194e-03  1.63807167e+02  7.26707607e-02  4.04440139e-01  1.63807167e+02  9.31736498e-02  5.18444340e-01  1.63807167e+02  9.75636135e-01 -2.53292196e-05 
 1.65704421e+02  2.31854204e-02 -7.32832864e-03  1.65704421e+02  7.98018977e-02  4.08287090e-01  1.65704421e+02  9.99859079e-02  5.11459038e-01  1.65704421e+02  9.75636134e-01 -2.50392131e-05 
 1.67623650e+02  2.36834693e-02 -7.58410118e-03  1.67623650e+02  8.70891983e-02  4.12006771e-01  1.67623650e+02  1.06630835e-01  5.04367245e-01  1.67623650e+02  9.75636133e-01 -2.47525271e-05 
 1.69565108e+02  2.41912177e-02 -7.84842358e-03  1.69565108e+02  9.45303155e-02  4.15593213e-01  1.69565108e+02  1.13105359e-01  4.97173840e-01  1.69565108e+02  9.75636132e-01 -2.44691234e-05 
 1.71529053e+02  2.47088079e-02 -8.12156755e-03  1.71529053e+02  1.02122667e-01  4.19040480e-01  1.71529053e+02  1.19406586e-01  4.89883816e-01  1.71529053e+02  9.75636131e-01 -2.41889645e-05 
 1.73515744e+02  2.52363817e-02 -8.40381272e-03  1.73515744e+02  1.09863435e-01  4.22342677e-01  1.73515744e+02  1.25531805e-01  4.82502269e-01  1.73515744e+02  9.75636130e-01 -2.39120132e-05 
 1.75525446e+02  2.57740807e-02 -8.69544684e-03  1.75525446e+02  1.17749566e-01  4.25493959e-01  1.75525446e+02  1.31478494e-01  4.75034397e-01  1.75525446e+02  9.75636129e-01 -2.36382329e-05 
 1.77558424e+02  2.63220458e-02 -8.99676592e-03  1.77558424e+02  1.25777771e-01  4.28488545e-01  1.77558424e+02  1.37244324e-01  4.67485483e-01  1.77558424e+02  9.75636128e-01 -2.33675873e-05 
 1.79614949e+02  2.68804173e-02 -9.30807445e-03  1.79614949e+02  1.33944528e-01  4.31320723e-01  1.79614949e+02  1.42827164e-01  4.59860894e-01  1.79614949e+02  9.75636127e-01 -2.31000404e-05 
 1.81695293e+02  2.74493346e-02 -9.62968560e-03  1.81695293e+02  1.42246081e-01  4.33984865e-01  1.81695293e+02  1.48225079e-01  4.52166067e-01  1.81695293e+02  9.75636126e-01 -2.28355567e-05 
 1.83799732e+02  2.80289361e-02 -9.96192142e-03  1.83799732e+02  1.50678445e-01  4.36475437e-01  1.83799732e+02  1.53436342e-01  4.44406505e-01  1.83799732e+02  9.75636125e-01 -2.25741013e-05 
 1.85928546e+02  2.86193588e-02 -1.03051130e-02  1.85928546e+02  1.59237408e-01  4.38787006e-01  1.85928546e+02  1.58459428e-01  4.36587761e-01  1.85928546e+02  9.75636124e-01 -2.23156393e-05 
 1.88082016e+02  2.92207384e-02 -1.06596007e-02  1.88082016e+02  1.67918533e-01  4.40914252e-01  1.88082016e+02  1.63293023e-01  4.28715437e-01  1.88082016e+02  9.75636123e-01 -2.20601367e-05 
 1.90260427e+02  2.98332089e-02 -1.10257345e-02  1.90260427e+02  1.76717160e-01  4.42851979e-01  1.90260427e+02  1.67936021e-01  4.20795168e-01  1.90260427e+02  9.75636122e-01 -2.18075594e-05 
 1.92464070e+02  3.04569025e-02 -1.14038737e-02  1.92464070e+02  1.85628417e-01  4.44595123e-01  1.92464070e+02  1.72387525e-01  4.12832618e-01  1.92464070e+02  9.75636121e-01 -2.15578739e-05 
 1.94693236e+02  3.10919492e-02 -1.17943877e-02  1.94693236e+02  1.94647216e-01  4.46138763e-01  1.94693236e+02  1.76646851e-01  4.04833465e-01  1.94693236e+02  9.75636120e-01 -2.13110473e-05 
 1.96948220e+02  3.17384765e-02 -1.21976561e-02  1.96948220e+02  2.03768265e-01  4.47478129e-01  1.96948220e+02  1.80713528e-01  3.96803396e-01  1.96948220e+02  9.75636119e-01 -2.10670467e-05 
 1.99229323e+02  3.23966097e-02 -1.26140684e-02  1.99229323e+02  2.12986067e-01  4.48608614e-01  1.99229323e+02  1.84587293e-01  3.88748099e-01  1.99229323e+02  9.75636119e-01 -2.08258398e-05 
 2.01536845e+02  3.30664708e-02 -1.30440249e-02  2.01536845e+02  2.22294935e-01  4.49525780e-01  2.01536845e+02  1.88268094e-01  3.80673246e-01  2.01536845e+02  9.75636118e-01 -2.05873946e-05 
 2.03871094e+02  3.37481788e-02 -1.34879363e-02  2.03871094e+02  2.31688988e-01  4.50225366e-01  2.03871094e+02  1.91756089e-01  3.72584494e-01  2.03871094e+02  9.75636117e-01 -2.03516795e-05 
 2.06232379e+02  3.44418494e-02 -1.39462245e-02  2.06232379e+02  2.41162167e-01  4.50703302e-01  2.06232379e+02  1.95051644e-01  3.64487466e-01  2.06232379e+02  9.75636116e-01 -2.01186632e-05 
 2.08621013e+02  3.51475943e-02 -1.44193220e-02  2.08621013e+02  2.50708237e-01  4.50955709e-01  2.08621013e+02  1.98155327e-01  3.56387752e-01  2.08621013e+02  9.75636115e-01 -1.98883148e-05 
 2.11037312e+02  3.58655214e-02 -1.49076730e-02  2.11037312e+02  2.60320794e-01  4.50978913e-01  2.11037312e+02  2.01067911e-01  3.48290891e-01  2.11037312e+02  9.75636115e-01 -1.96606038e-05 
 2.13481598e+02  3.65957338e-02 -1.54117329e-02  2.13481598e+02  2.69993279e-01  4.50769450e-01  2.13481598e+02  2.03790368e-01  3.40202367e-01  2.13481598e+02  9.75636114e-01 -1.94355000e-05 
 2.15954194e+02  3.73383303e-02 -1.59319687e-02  2.15954194e+02  2.79718978e-01  4.50324073e-01  2.15954194e+02  2.06323865e-01  3.32127603e-01  2.15954194e+02  9.75636113e-01 -1.92129735e-05 
 2.18455428e+02  3.80934043e-02 -1.64688593e-02  2.18455428e+02  2.89491039e-01  4.49639757e-01  2.18455428e+02  2.08669762e-01  3.24071947e-01  2.18455428e+02  9.75636113e-01 -1.89929949e-05 
 2.20985632e+02  3.88610438e-02 -1.70228957e-02  2.20985632e+02  2.99302474e-01  4.48713708e-01  2.20985632e+02  2.10829605e-01  3.16040666e-01  2.20985632e+02  9.75636112e-01 -1.87755349e-05 
 2.23545141e+02  3.96413307e-02 -1.75945809e-02  2.23545141e+02  3.09146173e-01  4.47543366e-01  2.23545141e+02  2.12805125e-01  3.08038944e-01  2.23545141e+02  9.75636111e-01 -1.85605648e-05 
 2.26134296e+02  4.04343411e-02 -1.81844303e-02  2.26134296e+02  3.19014911e-01  4.46126412e-01  2.26134296e+02  2.14598229e-01  3.00071866e-01  2.26134296e+02  9.75636111e-01 -1.83480560e-05 
 2.28753438e+02  4.12401439e-02 -1.87929717e-02  2.28753438e+02  3.28901356e-01  4.44460773e-01  2.28753438e+02  2.16210998e-01  2.92144415e-01  2.28753438e+02  9.75636110e-01 -1.81379803e-05 
 2.31402916e+02  4.20588010e-02 -1.94207459e-02  2.31402916e+02  3.38798085e-01  4.42544622e-01  2.31402916e+02  2.17645680e-01  2.84261469e-01  2.31402916e+02  9.75636109e-01 -1.79303099e-05 
 2.34083081e+02  4.28903668e-02 -2.00683062e-02  2.34083081e+02  3.48697586e-01  4.40376388e-01  2.34083081e+02  2.18904682e-01  2.76427786e-01  2.34083081e+02  9.75636109e-01 -1.77250172e-05 
 2.36794289e+02  4.37348875e-02 -2.07362190e-02  2.36794289e+02  3.58592275e-01  4.37954757e-01  2.36794289e+02  2.19990567e-01  2.68648006e-01  2.36794289e+02  9.75636108e-01 -1.75220751e-05 
 2.39536898e+02  4.45924007e-02 -2.14250636e-02  2.39536898e+02  3.68474501e-01  4.35278670e-01  2.39536898e+02  2.20906048e-01  2.60926643e-01  2.39536898e+02  9.75636108e-01 -1.73214565e-05 
 2.42311273e+02  4.54629350e-02 -2.21354329e-02  2.42311273e+02  3.78336561e-01  4.32347335e-01  2.42311273e+02  2.21653977e-01  2.53268076e-01  2.42311273e+02  9.75636107e-01 -1.71231350e-05 
 2.45117781e+02  4.63465093e-02 -2.28679328e-02  2.45117781e+02  3.88170705e-01  4.29160219e-01  2.45117781e+02  2.22237343e-01  2.45676550e-01  2.45117781e+02  9.75636107e-01 -1.69270841e-05 
 2.47956795e+02  4.72431325e-02 -2.36231827e-02  2.47956795e+02  3.97969150e-01  4.25717057e-01  2.47956795e+02  2.22659260e-01  2.38156168e-01  2.47956795e+02  9.75636106e-01 -1.67332780e-05 
 2.50828691e+02  4.81528026e-02 -2.44018157e-02  2.50828691e+02  4.07724090e-01  4.22017848e-01  2.50828691e+02  2.22922965e-01  2.30710887e-01  2.50828691e+02  9.75636106e-01 -1.65416909e-05 
 2.53733850e+02  4.90755063e-02 -2.52044783e-02  2.53733850e+02  4.17427707e-01  4.18062858e-01  2.53733850e+02  2.23031807e-01  2.23344515e-01  2.53733850e+02  9.75636105e-01 -1.63522974e-05 
 2.56672658e+02  5.00112185e-02 -2.60318307e-02  2.56672658e+02  4.27072177e-01  4.13852620e-01  2.56672658e+02  2.22989242e-01  2.16060709e-01  2.56672658e+02  9.75636105e-01 -1.61650724e-05 
 2.59645503e+02  5.09599016e-02 -2.68845470e-02  2.59645503e+02  4.36649685e-01  4.09387934e-01  2.59645503e+02  2.22798823e-01  2.08862969e-01  2.59645503e+02  9.75636104e-01 -1.59799910e-05 
 2.62652780e+02  5.19215048e-02 -2.77633149e-02  2.62652780e+02  4.46152433e-01  4.04669861e-01  2.62652780e+02  2.22464195e-01  2.01754639e-01  2.62652780e+02  9.75636104e-01 -1.57970288e-05 
 2.65694889e+02  5.28959634e-02 -2.86688358e-02  2.65694889e+02  4.55572651e-01  3.99699731e-01  2.65694889e+02  2.21989086e-01  1.94738902e-01  2.65694889e+02  9.75636103e-01 -1.56161614e-05 
 2.68772232e+02  5.38831984e-02 -2.96018249e-02  2.68772232e+02  4.64902605e-01  3.94479133e-01  2.68772232e+02  2.21377298e-01  1.87818781e-01  2.68772232e+02  9.75636103e-01 -1.54373648e-05 
 2.71885218e+02  5.48831154e-02 -3.05630112e-02  2.71885218e+02  4.74134609e-01  3.89009918e-01  2.71885218e+02  2.20632705e-01  1.80997136e-01  2.71885218e+02  9.75636102e-01 -1.52606155e-05 
 2.75034258e+02  5.58956043e-02 -3.15531375e-02  2.75034258e+02  4.83261031e-01  3.83294193e-01  2.75034258e+02  2.19759239e-01  1.74276661e-01  2.75034258e+02  9.75636102e-01 -1.50858898e-05 
 2.78219772e+02  5.69205383e-02 -3.25729598e-02  2.78219772e+02  4.92274307e-01  3.77334323e-01  2.78219772e+02  2.18760885e-01  1.67659890e-01  2.78219772e+02  9.75636101e-01 -1.49131648e-05 
 2.81442182e+02  5.79577733e-02 -3.36232481e-02  2.81442182e+02  5.01166948e-01  3.71132921e-01  2.81442182e+02  2.17641675e-01  1.61149190e-01  2.81442182e+02  9.75636101e-01 -1.47424173e-05 
 2.84701914e+02  5.90071470e-02 -3.47047855e-02  2.84701914e+02  5.09931545e-01  3.64692851e-01  2.84701914e+02  2.16405681e-01  1.54746763e-01  2.84701914e+02  9.75636101e-01 -1.45736249e-05 
 2.87999401e+02  6.00684781e-02 -3.58183685e-02  2.87999401e+02  5.18560787e-01  3.58017221e-01  2.87999401e+02  2.15057004e-01  1.48454651e-01  2.87999401e+02  9.75636100e-01 -1.44067651e-05 
 2.91335080e+02  6.11415657e-02 -3.69648066e-02  2.91335080e+02  5.27047459e-01  3.51109379e-01  2.91335080e+02  2.13599772e-01  1.42274729e-01  2.91335080e+02  9.75636100e-01 -1.42418158e-05 
 2.94709394e+02  6.22261885e-02 -3.81449223e-02  2.94709394e+02  5.35384458e-01  3.43972907e-01  2.94709394e+02  2.12038127e-01  1.36208713e-01  2.94709394e+02  9.75636100e-01 -1.40787551e-05 
 2.98122790e+02  6.33221034e-02 -3.93595507e-02  2.98122790e+02  5.43564796e-01  3.36611623e-01  2.98122790e+02  2.10376227e-01  1.30258159e-01  2.98122790e+02  9.75636099e-01 -1.39175614e-05 
 3.01575721e+02  6.44290456e-02 -4.06095393e-02  3.01575721e+02  5.51581611e-01  3.29029566e-01  3.01575721e+02  2.08618230e-01  1.24424461e-01  3.01575721e+02  9.75636099e-01 -1.37582133e-05 
 3.05068644e+02  6.55467269e-02 -4.18957476e-02  3.05068644e+02  5.59428172e-01  3.21230999e-01  3.05068644e+02  2.06768296e-01  1.18708862e-01  3.05068644e+02  9.75636098e-01 -1.36006897e-05 
 3.08602024e+02  6.66748351e-02 -4.32190471e-02  3.08602024e+02  5.67097888e-01  3.13220401e-01  3.08602024e+02  2.04830573e-01  1.13112447e-01  3.08602024e+02  9.75636098e-01 -1.34449698e-05 
 3.12176328e+02  6.78130334e-02 -4.45803204e-02  3.12176328e+02  5.74584315e-01  3.05002459e-01  3.12176328e+02  2.02809198e-01  1.07636149e-01  3.12176328e+02  9.75636098e-01 -1.32910327e-05 
 3.15792030e+02  6.89609589e-02 -4.59804612e-02  3.15792030e+02  5.81881160e-01  2.96582067e-01  3.15792030e+02  2.00708288e-01  1.02280756e-01  3.15792030e+02  9.75636097e-01 -1.31388583e-05 
 3.19449611e+02  7.01182223e-02 -4.74203738e-02  3.19449611e+02  5.88982289e-01  2.87964315e-01  3.19449611e+02  1.98531933e-01  9.70469051e-02  3.19449611e+02  9.75636097e-01 -1.29884261e-05 
 3.23149554e+02  7.12844067e-02 -4.89009724e-02  3.23149554e+02  5.95881734e-01  2.79154485e-01  3.23149554e+02  1.96284194e-01  9.19350942e-02  3.23149554e+02  9.75636097e-01 -1.28397164e-05 
 3.26892351e+02  7.24590664e-02 -5.04231807e-02  3.26892351e+02  6.02573699e-01  2.70158049e-01  3.26892351e+02  1.93969097e-01  8.69456802e-02  3.26892351e+02  9.75636097e-01 -1.26927094e-05 
 3.30678498e+02  7.36417264e-02 -5.19879315e-02  3.30678498e+02  6.09052560e-01  2.60980653e-01  3.30678498e+02  1.91590626e-01  8.20788842e-02  3.30678498e+02  9.75636096e-01 -1.25473856e-05 
 3.34508497e+02  7.48318813e-02 -5.35961657e-02  3.34508497e+02  6.15312880e-01  2.51628121e-01  3.34508497e+02  1.89152722e-01  7.73347951e-02  3.34508497e+02  9.75636096e-01 -1.24037257e-05 
 3.38382856e+02  7.60289943e-02 -5.52488317e-02  3.38382856e+02  6.21349404e-01  2.42106441e-01  3.38382856e+02  1.86659275e-01  7.27133732e-02  3.38382856e+02  9.75636096e-01 -1.22617107e-05 
 3.42302089e+02  7.72324962e-02 -5.69468851e-02  3.42302089e+02  6.27157070e-01  2.32421761e-01  3.42302089e+02  1.84114123e-01  6.82144540e-02  3.42302089e+02  9.75636095e-01 -1.21213217e-05 
 3.46266715e+02  7.84417846e-02 -5.86912871e-02  3.46266715e+02  6.32731012e-01  2.22580382e-01  3.46266715e+02  1.81521048e-01  6.38377524e-02  3.46266715e+02  9.75636095e-01 -1.19825401e-05 
 3.50277260e+02  7.96562227e-02 -6.04830047e-02  3.50277260e+02  6.38066562e-01  2.12588754e-01  3.50277260e+02  1.78883768e-01  5.95828667e-02  3.50277260e+02  9.75636095e-01 -1.18453476e-05 
 3.54334257e+02  8.08751386e-02 -6.23230088e-02  3.54334257e+02  6.43159258e-01  2.02453464e-01  3.54334257e+02  1.76205940e-01  5.54492827e-02  3.54334257e+02  9.75636095e-01 -1.17097259e-05 
 3.58438243e+02  8.20978244e-02 -6.42122741e-02  3.58438243e+02  6.48004842e-01  1.92181231e-01  3.58438243e+02  1.73491153e-01  5.14363780e-02  3.58438243e+02  9.75636094e-01 -1.15756570e-05 
 3.62589762e+02  8.33235350e-02 -6.61517773e-02  3.62589762e+02  6.52599269e-01  1.81778903e-01  3.62589762e+02  1.70742926e-01  4.75434261e-02  3.62589762e+02  9.75636094e-01 -1.14431232e-05 
 3.66789365e+02  8.45514871e-02 -6.81424967e-02  3.66789365e+02  6.56938707e-01  1.71253443e-01  3.66789365e+02  1.67964705e-01  4.37696009e-02  3.66789365e+02  9.75636094e-01 -1.13121069e-05 
 3.71037609e+02  8.57808589e-02 -7.01854108e-02  3.71037609e+02  6.61019542e-01  1.60611928e-01  3.71037609e+02  1.65159863e-01  4.01139810e-02  3.71037609e+02  9.75636094e-01 -1.11825908e-05 
 3.75335057e+02  8.70107885e-02 -7.22814972e-02  3.75335057e+02  6.64838377e-01  1.49861541e-01  3.75335057e+02  1.62331694e-01  3.65755540e-02  3.75335057e+02  9.75636093e-01 -1.10545575e-05 
 3.79682279e+02  8.82403735e-02 -7.44317310e-02  3.79682279e+02  6.68392038e-01  1.39009560e-01  3.79682279e+02  1.59483414e-01  3.31532205e-02  3.79682279e+02  9.75636093e-01 -1.09279902e-05 
 3.84079852e+02  8.94686699e-02 -7.66370840e-02  3.84079852e+02  6.71677577e-01  1.28063355e-01  3.84079852e+02  1.56618157e-01  2.98457990e-02  3.84079852e+02  9.75636093e-01 -1.08028721e-05 
 3.88528359e+02  9.06946913e-02 -7.88985231e-02  3.88528359e+02  6.74692270e-01  1.17030380e-01  3.88528359e+02  1.53738976e-01  2.66520298e-02  3.88528359e+02  9.75636093e-01 -1.06791866e-05 
 3.93028389e+02  9.19174083e-02 -8.12170087e-02  3.93028389e+02  6.77433624e-01  1.05918167e-01  3.93028389e+02  1.50848841e-01  2.35705793e-02  3.93028389e+02  9.75636093e-01 -1.05569173e-05 
 3.97580540e+02  9.31357475e-02 -8.35934935e-02  3.97580540e+02  6.79899373e-01  9.47343157e-02  3.97580540e+02  1.47950635e-01  2.06000445e-02  3.97580540e+02  9.75636092e-01 -1.04360479e-05 
 4.02185414e+02  9.43485908e-02 -8.60289205e-02  4.02185414e+02  6.82087485e-01  8.34864898e-02  4.02185414e+02  1.45047159e-01  1.77389567e-02  4.02185414e+02  9.75636092e-01 -1.03165625e-05 
 4.06843624e+02  9.55547750e-02 -8.85242220e-02  4.06843624e+02  6.83996159e-01  7.21824088e-02  4.06843624e+02  1.42141125e-01  1.49857861e-02  4.06843624e+02  9.75636092e-01 -1.01984451e-05 
 4.11555786e+02  9.67530909e-02 -9.10803172e-02  4.11555786e+02  6.85623831e-01  6.08298413e-02  4.11555786e+02  1.39235158e-01  1.23389456e-02  4.11555786e+02  9.75636092e-01 -1.00816802e-05 
 4.16322525e+02  9.79422827e-02 -9.36981108e-02  4.16322525e+02  6.86969170e-01  4.94365976e-02  4.16322525e+02  1.36331798e-01  9.79679475e-03  4.16322525e+02  9.75636092e-01 -9.96625230e-06 
 4.21144475e+02  9.91210475e-02 -9.63784912e-02  4.21144475e+02  6.88031080e-01  3.80105233e-02  4.21144475e+02  1.33433496e-01  7.35764397e-03  4.21144475e+02  9.75636091e-01 -9.85214600e-06 
 4.26022273e+02  1.00288035e-01 -9.91223284e-02  4.26022273e+02  6.88808706e-01  2.65594919e-02  4.26022273e+02  1.30542616e-01  5.01975809e-03  4.26022273e+02  9.75636091e-01 -9.73934621e-06 
 4.30956566e+02  1.01441847e-01 -1.01930472e-01  4.30956566e+02  6.89301425e-01  1.50913981e-02  4.30956566e+02  1.27661435e-01  2.78136022e-03  4.30956566e+02  9.75636091e-01 -9.62783797e-06 
 4.35948011e+02  1.02581037e-01 -1.04803750e-01  4.35948011e+02  6.89508856e-01  3.61415088e-03  4.35948011e+02  1.24792140e-01  6.40635467e-04  4.35948011e+02  9.75636091e-01 -9.51760649e-06 
 4.40997267e+02  1.03704109e-01 -1.07742964e-01  4.40997267e+02  6.89430854e-01 -7.86433338e-03  4.40997267e+02  1.21936836e-01 -1.40426555e-03  4.40997267e+02  9.75636091e-01 -9.40863716e-06 
 4.46105005e+02  1.04809520e-01 -1.10748892e-01  4.46105005e+02  6.89067511e-01 -1.93361380e-02  4.46105005e+02  1.19097538e-01 -3.35522318e-03  4.46105005e+02  9.75636091e-01 -9.30091553e-06 
 4.51271902e+02  1.05895677e-01 -1.13822281e-01  4.51271902e+02  6.88419160e-01 -3.07933528e-02  4.51271902e+02  1.16276176e-01 -5.21414535e-03  4.51271902e+02  9.75636090e-01 -9.19442730e-06 
 4.56498643e+02  1.06960938e-01 -1.16963847e-01  4.56498643e+02  6.87486368e-01 -4.22280811e-02  4.56498643e+02  1.13474596e-01 -6.98296425e-03  4.56498643e+02  9.75636090e-01 -9.08915837e-06 
 4.61785921e+02  1.08003613e-01 -1.20174274e-01  4.61785921e+02  6.86269941e-01 -5.36324464e-02  4.61785921e+02  1.10694558e-01 -8.66363319e-03  4.61785921e+02  9.75636090e-01 -8.98509477e-06 
 4.67134439e+02  1.09021962e-01 -1.23454209e-01  4.67134439e+02  6.84770923e-01 -6.49985995e-02  4.67134439e+02  1.07937740e-01 -1.02581235e-02  4.67134439e+02  9.75636090e-01 -8.88222270e-06 
 4.72544904e+02  1.10014198e-01 -1.26804261e-01  4.72544904e+02  6.82990592e-01 -7.63187257e-02  4.72544904e+02  1.05205737e-01 -1.17684214e-02  4.72544904e+02  9.75636090e-01 -8.78052851e-06 
 4.78018034e+02  1.10978485e-01 -1.30225000e-01  4.78018034e+02  6.80930462e-01 -8.75850510e-02  4.78018034e+02  1.02500063e-01 -1.31965253e-02  4.78018034e+02  9.75636090e-01 -8.67999873e-06 
 4.83554556e+02  1.11912940e-01 -1.33716949e-01  4.83554556e+02  6.78592280e-01 -9.87898499e-02  4.83554556e+02  9.98221522e-02 -1.45444431e-02  4.83554556e+02  9.75636090e-01 -8.58062003e-06 
 4.89155202e+02  1.12815632e-01 -1.37280589e-01  4.89155202e+02  6.75978028e-01 -1.09925452e-01  4.89155202e+02  9.71733580e-02 -1.58141891e-02  4.89155202e+02  9.75636089e-01 -8.48237921e-06 
 4.94820717e+02  1.13684586e-01 -1.40916352e-01  4.94820717e+02  6.73089917e-01 -1.20984247e-01  4.94820717e+02  9.45549577e-02 -1.70077817e-02  4.94820717e+02  9.75636089e-01 -8.38526325e-06 
 5.00551851e+02  1.14517778e-01 -1.44624617e-01  5.00551851e+02  6.69930391e-01 -1.31958697e-01  5.00551851e+02  9.19681519e-02 -1.81272411e-02  5.00551851e+02  9.75636089e-01 -8.28925929e-06 
 5.06349365e+02  1.15313143e-01 -1.48405712e-01  5.06349365e+02  6.66502120e-01 -1.42841338e-01  5.06349365e+02  8.94140661e-02 -1.91745866e-02  5.06349365e+02  9.75636089e-01 -8.19435457e-06 
 5.12214027e+02  1.16068571e-01 -1.52259908e-01  5.12214027e+02  6.62808000e-01 -1.53624788e-01  5.12214027e+02  8.68937521e-02 -2.01518343e-02  5.12214027e+02  9.75636089e-01 -8.10053653e-06 
 5.18146615e+02  1.16781909e-01 -1.56187416e-01  5.18146615e+02  6.58851154e-01 -1.64301757e-01  5.18146615e+02  8.44081897e-02 -2.10609953e-02  5.18146615e+02  9.75636089e-01 -8.00779271e-06 
 5.24147915e+02  1.17450965e-01 -1.60188388e-01  5.24147915e+02  6.54634924e-01 -1.74865050e-01  5.24147915e+02  8.19582881e-02 -2.19040733e-02  5.24147915e+02  9.75636089e-01 -7.91611083e-06 
 5.30218724e+02  1.18073507e-01 -1.64262908e-01  5.30218724e+02  6.50162872e-01 -1.85307576e-01  5.30218724e+02  7.95448873e-02 -2.26830626e-02  5.30218724e+02  9.75636089e-01 -7.82547872e-06 
 5.36359847e+02  1.18647266e-01 -1.68410999e-01  5.36359847e+02  6.45438779e-01 -1.95622355e-01  5.36359847e+02  7.71687599e-02 -2.33999465e-02  5.36359847e+02  9.75636088e-01 -7.73588435e-06 
 5.42572097e+02  1.19169935e-01 -1.72632609e-01  5.42572097e+02  6.40466636e-01 -2.05802527e-01  5.42572097e+02  7.48306126e-02 -2.40566952e-02  5.42572097e+02  9.75636088e-01 -7.64731586e-06 
 5.48856300e+02  1.19639175e-01 -1.76927617e-01  5.48856300e+02  6.35250649e-01 -2.15841352e-01  5.48856300e+02  7.25310876e-02 -2.46552642e-02  5.48856300e+02  9.75636088e-01 -7.55976150e-06 
 5.55213287e+02  1.20052616e-01 -1.81295828e-01  5.55213287e+02  6.29795226e-01 -2.25732225e-01  5.55213287e+02  7.02707645e-02 -2.51975926e-02  5.55213287e+02  9.75636088e-01 -7.47320965e-06 
 5.61643903e+02  1.20407857e-01 -1.85736968e-01  5.61643903e+02  6.24104984e-01 -2.35468678e-01  5.61643903e+02  6.80501620e-02 -2.56856018e-02  5.61643903e+02  9.75636088e-01 -7.38764883e-06 
 5.68149000e+02  1.20702471e-01 -1.90250684e-01  5.68149000e+02  6.18184736e-01 -2.45044389e-01  5.68149000e+02  6.58697391e-02 -2.61211938e-02  5.68149000e+02  9.75636088e-01 -7.30306771e-06 
 5.74729440e+02  1.20934005e-01 -1.94836544e-01  5.74729440e+02  6.12039491e-01 -2.54453186e-01  5.74729440e+02  6.37298971e-02 -2.65062500e-02  5.74729440e+02  9.75636088e-01 -7.21945507e-06 
 5.81386097e+02  1.21099987e-01 -1.99494028e-01  5.81386097e+02  6.05674451e-01 -2.63689057e-01  5.81386097e+02  6.16309814e-02 -2.68426298e-02  5.81386097e+02  9.75636088e-01 -7.13679981e-06 
 5.88119852e+02  1.21197923e-01 -2.04222532e-01  5.88119852e+02  5.99095003e-01 -2.72746157e-01  5.88119852e+02  5.95732827e-02 -2.71321693e-02  5.88119852e+02  9.75636088e-01 -7.05509097e-06 
 5.94931600e+02  1.21225306e-01 -2.09021363e-01  5.94931600e+02  5.92306717e-01 -2.81618809e-01  5.94931600e+02  5.75570391e-02 -2.73766804e-02  5.94931600e+02  9.75636087e-01 -6.97431773e-06 
 6.01822243e+02  1.21179616e-01 -2.13889737e-01  6.01822243e+02  5.85315337e-01 -2.90301517e-01  6.01822243e+02  5.55824374e-02 -2.75779496e-02  6.01822243e+02  9.75636087e-01 -6.89446937e-06 
 6.08792695e+02  1.21058321e-01 -2.18826778e-01  6.08792695e+02  5.78126781e-01 -2.98788969e-01  6.08792695e+02  5.36496148e-02 -2.77377370e-02  6.08792695e+02  9.75636087e-01 -6.81553529e-06 
 6.15843880e+02  1.20858888e-01 -2.23831516e-01  6.15843880e+02  5.70747131e-01 -3.07076042e-01  6.15843880e+02  5.17586611e-02 -2.78577752e-02  6.15843880e+02  9.75636087e-01 -6.73750503e-06 
 6.22976734e+02  1.20578777e-01 -2.28902884e-01  6.22976734e+02  5.63182628e-01 -3.15157813e-01  6.22976734e+02  4.99096194e-02 -2.79397689e-02  6.22976734e+02  9.75636087e-01 -6.66036826e-06 
 6.30192203e+02  1.20215453e-01 -2.34039718e-01  6.30192203e+02  5.55439667e-01 -3.23029560e-01  6.30192203e+02  4.81024885e-02 -2.79853936e-02  6.30192203e+02  9.75636087e-01 -6.58411473e-06 
 6.37491243e+02  1.19766387e-01 -2.39240757e-01  6.37491243e+02  5.47524789e-01 -3.30686770e-01  6.37491243e+02  4.63372240e-02 -2.79962952e-02  6.37491243e+02  9.75636087e-01 -6.50873432e-06 
 6.44874822e+02  1.19229056e-01 -2.44504637e-01  6.44874822e+02  5.39444675e-01 -3.38125143e-01  6.44874822e+02  4.46137405e-02 -2.79740890e-02  6.44874822e+02  9.75636087e-01 -6.43421706e-06 
 6.52343919e+02  1.18600956e-01 -2.49829895e-01  6.52343919e+02  5.31206139e-01 -3.45340600e-01  6.52343919e+02  4.29319123e-02 -2.79203596e-02  6.52343919e+02  9.75636087e-01 -6.36055306e-06 
 6.59899526e+02  1.17879597e-01 -2.55214965e-01  6.59899526e+02  5.22816120e-01 -3.52329287e-01  6.59899526e+02  4.12915758e-02 -2.78366596e-02  6.59899526e+02  9.75636087e-01 -6.28773254e-06 
 6.67542643e+02  1.17062512e-01 -2.60658178e-01  6.67542643e+02  5.14281674e-01 -3.59087577e-01  6.67542643e+02  3.96925309e-02 -2.77245097e-02  6.67542643e+02  9.75636087e-01 -6.21574585e-06 
 6.75274285e+02  1.16147264e-01 -2.66157765e-01  6.75274285e+02  5.05609969e-01 -3.65612082e-01  6.75274285e+02  3.81345420e-02 -2.75853981e-02  6.75274285e+02  9.75636087e-01 -6.14458345e-06 
 6.83095476e+02  1.15131445e-01 -2.71711849e-01  6.83095476e+02  4.96808271e-01 -3.71899647e-01  6.83095476e+02  3.66173401e-02 -2.74207799e-02  6.83095476e+02  9.75636087e-01 -6.07423588e-06 
 6.91007255e+02  1.14012683e-01 -2.77318453e-01  6.91007255e+02  4.87883944e-01 -3.77947365e-01  6.91007255e+02  3.51406241e-02 -2.72320768e-02  6.91007255e+02  9.75636086e-01 -6.00469384e-06 
 6.99010669e+02  1.12788648e-01 -2.82975495e-01  6.99010669e+02  4.78844432e-01 -3.83752573e-01  6.99010669e+02  3.37040625e-02 -2.70206769e-02  6.99010669e+02  9.75636086e-01 -5.93594809e-06 
 7.07106781e+02  1.11457056e-01 -2.88680793e-01  7.07106781e+02  4.69697260e-01 -3.89312858e-01  7.07106781e+02  3.23072943e-02 -2.67879345e-02  7.07106781e+02  9.75636086e-01 -5.86798952e-06 
 7.15296664e+02  1.10015672e-01 -2.94432059e-01  7.15296664e+02  4.60450014e-01 -3.94626063e-01  7.15296664e+02  3.09499312e-02 -2.65351695e-02  7.15296664e+02  9.75636086e-01 -5.80080913e-06 
 7.23581405e+02  1.08462317e-01 -3.00226907e-01  7.23581405e+02  4.51110343e-01 -3.99690284e-01  7.23581405e+02  2.96315584e-02 -2.62636677e-02  7.23581405e+02  9.75636086e-01 -5.73439798e-06 
 7.31962101e+02  1.06794874e-01 -3.06062849e-01  7.31962101e+02  4.41685941e-01 -4.04503878e-01  7.31962101e+02  2.83517365e-02 -2.59746803e-02  7.31962101e+02  9.75636086e-01 -5.66874729e-06 
 7.40439865e+02  1.05011289e-01 -3.11937299e-01  7.40439865e+02  4.32184540e-01 -4.09065463e-01  7.40439865e+02  2.71100024e-02 -2.56694240e-02  7.40439865e+02  9.75636086e-01 -5.60384834e-06 
 7.49015820e+02  1.03109578e-01 -3.17847575e-01  7.49015820e+02  4.22613903e-01 -4.13373918e-01  7.49015820e+02  2.59058712e-02 -2.53490806e-02  7.49015820e+02  9.75636086e-01 -5.53969253e-06 
 7.57691104e+02  1.01087832e-01 -3.23790898e-01  7.57691104e+02  4.12981811e-01 -4.17428386e-01  7.57691104e+02  2.47388372e-02 -2.50147978e-02  7.57691104e+02  9.75636086e-01 -5.47627135e-06 
 7.66466867e+02  9.89442226e-02 -3.29764397e-01  7.66466867e+02  4.03296053e-01 -4.21228276e-01  7.66466867e+02  2.36083753e-02 -2.46676881e-02  7.66466867e+02  9.75636086e-01 -5.41357640e-06 
 7.75344273e+02  9.66770044e-02 -3.35765112e-01  7.75344273e+02  3.93564417e-01 -4.24773262e-01  7.75344273e+02  2.25139424e-02 -2.43088297e-02  7.75344273e+02  9.75636086e-01 -5.35159935e-06 
 7.84324500e+02  9.42845214e-02 -3.41789994e-01  7.84324500e+02  3.83794681e-01 -4.28063282e-01  7.84324500e+02  2.14549784e-02 -2.39392663e-02  7.84324500e+02  9.75636086e-01 -5.29033198e-06 
 7.93408737e+02  9.17652108e-02 -3.47835909e-01  7.93408737e+02  3.73994599e-01 -4.31098539e-01  7.93408737e+02  2.04309080e-02 -2.35600072e-02  7.93408737e+02  9.75636086e-01 -5.22976618e-06 
 8.02598191e+02  8.91176080e-02 -3.53899641e-01  8.02598191e+02  3.64171895e-01 -4.33879502e-01  8.02598191e+02  1.94411412e-02 -2.31720274e-02  8.02598191e+02  9.75636086e-01 -5.16989392e-06 
 8.11894079e+02  8.63403505e-02 -3.59977897e-01  8.11894079e+02  3.54334249e-01 -4.36406899e-01  8.11894079e+02  1.84850753e-02 -2.27762680e-02  8.11894079e+02  9.75636086e-01 -5.11070724e-06 
 8.21297634e+02  8.34321822e-02 -3.66067311e-01  8.21297634e+02  3.44489291e-01 -4.38681721e-01  8.21297634e+02  1.75620955e-02 -2.23736362e-02  8.21297634e+02  9.75636086e-01 -5.05219830e-06 
 8.30810104e+02  8.03919576e-02 -3.72164444e-01  8.30810104e+02  3.34644584e-01 -4.40705217e-01  8.30810104e+02  1.66715764e-02 -2.19650057e-02  8.30810104e+02  9.75636086e-01 -4.99435935e-06 
 8.40432749e+02  7.72186454e-02 -3.78265792e-01  8.40432749e+02  3.24807623e-01 -4.42478892e-01  8.40432749e+02  1.58128828e-02 -2.15512169e-02  8.40432749e+02  9.75636086e-01 -4.93718271e-06 
 8.50166846e+02  7.39113325e-02 -3.84367791e-01  8.50166846e+02  3.14985817e-01 -4.44004501e-01  8.50166846e+02  1.49853713e-02 -2.11330771e-02  8.50166846e+02  9.75636085e-01 -4.88066081e-06 
 8.60013686e+02  7.04692272e-02 -3.90466816e-01  8.60013686e+02  3.05186484e-01 -4.45284050e-01  8.60013686e+02  1.41883910e-02 -2.07113611e-02  8.60013686e+02  9.75636085e-01 -4.82478613e-06 
 8.69974574e+02  6.68916627e-02 -3.96559195e-01  8.69974574e+02  2.95416836e-01 -4.46319790e-01  8.69974574e+02  1.34212847e-02 -2.02868113e-02  8.69974574e+02  9.75636085e-01 -4.76955129e-06 
 8.80050832e+02  6.31781000e-02 -4.02641205e-01  8.80050832e+02  2.85683978e-01 -4.47114209e-01  8.80050832e+02  1.26833898e-02 -1.98601385e-02  8.80050832e+02  9.75636085e-01 -4.71494894e-06 
 8.90243795e+02  5.93281309e-02 -4.08709083e-01  8.90243795e+02  2.75994890e-01 -4.47670033e-01  8.90243795e+02  1.19740397e-02 -1.94320216e-02  8.90243795e+02  9.75636085e-01 -4.66097186e-06 
 9.00554816e+02  5.53414803e-02 -4.14759029e-01  9.00554816e+02  2.66356421e-01 -4.47990214e-01  9.00554816e+02  1.12925643e-02 -1.90031087e-02  9.00554816e+02  9.75636085e-01 -4.60761288e-06 
 9.10985262e+02  5.12180086e-02 -4.20787214e-01  9.10985262e+02  2.56775283e-01 -4.48077929e-01  9.10985262e+02  1.06382912e-02 -1.85740173e-02  9.10985262e+02  9.75636085e-01 -4.55486492e-06 
 9.21536515e+02  4.69577138e-02 -4.26789782e-01  9.21536515e+02  2.47258037e-01 -4.47936573e-01  9.21536515e+02  1.00105468e-02 -1.81453348e-02  9.21536515e+02  9.75636085e-01 -4.50272099e-06 
 9.32209976e+02  4.25607332e-02 -4.32762859e-01  9.32209976e+02  2.37811088e-01 -4.47569749e-01  9.32209976e+02  9.40865680e-03 -1.77176189e-02  9.32209976e+02  9.75636085e-01 -4.45117418e-06 
 9.43007059e+02  3.80273446e-02 -4.38702558e-01  9.43007059e+02  2.28440678e-01 -4.46981263e-01  9.43007059e+02  8.83194734e-03 -1.72913984e-02  9.43007059e+02  9.75636085e-01 -4.40021765e-06 
 9.53929197e+02  3.33579679e-02 -4.44604985e-01  9.53929197e+02  2.19152876e-01 -4.46175117e-01  9.53929197e+02  8.27974581e-03 -1.68671734e-02  9.53929197e+02  9.75636085e-01 -4.34984465e-06 
 9.64977838e+02  2.85531652e-02 -4.50466244e-01  9.64977838e+02  2.09953571e-01 -4.45155502e-01  9.64977838e+02  7.75138159e-03 -1.64454162e-02  9.64977838e+02  9.75636085e-01 -4.30004849e-06 
 9.76154447e+02  2.36136423e-02 -4.56282447e-01  9.76154447e+02  2.00848465e-01 -4.43926786e-01  9.76154447e+02  7.24618689e-03 -1.60265716e-02  9.76154447e+02  9.75636085e-01 -4.25082256e-06 
 9.87460505e+02  1.85402478e-02 -4.62049716e-01  9.87460505e+02  1.91843069e-01 -4.42493507e-01  9.87460505e+02  6.76349751e-03 -1.56110577e-02  9.87460505e+02  9.75636085e-01 -4.20216035e-06 
 9.98897514e+02  1.33339738e-02 -4.67764191e-01  9.98897514e+02  1.82942694e-01 -4.40860367e-01  9.98897514e+02  6.30265350e-03 -1.51992663e-02  9.98897514e+02  9.75636085e-01 -4.15405540e-06 
 1.01046699e+03  7.99595489e-03 -4.73422037e-01  1.01046699e+03  1.74152445e-01 -4.39032221e-01  1.01046699e+03  5.86299991e-03 -1.47915638e-02  1.01046699e+03  9.75636085e-01 -4.10650133e-06 
 1.02217046e+03  2.52746776e-03 -4.79019451e-01  1.02217046e+03  1.65477221e-01 -4.37014064e-01  1.02217046e+03  5.44388742e-03 -1.43882916e-02  1.02217046e+03  9.75636085e-01 -4.05949182e-06 
 1.03400949e+03 -3.07007024e-03 -4.84552663e-01  1.03400949e+03  1.56921704e-01 -4.34811027e-01  1.03400949e+03  5.04467299e-03 -1.39897668e-02  1.03400949e+03  9.75636085e-01 -4.01302067e-06 
 1.04598564e+03 -8.79510240e-03 -4.90017951e-01  1.04598564e+03  1.48490357e-01 -4.32428367e-01  1.04598564e+03  4.66472044e-03 -1.35962830e-02  1.04598564e+03  9.75636085e-01 -3.96708168e-06 
 1.05810050e+03 -1.46459344e-02 -4.95411639e-01  1.05810050e+03  1.40187422e-01 -4.29871452e-01  1.05810050e+03  4.30340100e-03 -1.32081108e-02  1.05810050e+03  9.75636085e-01 -3.92166878e-06 
 1.07035568e+03 -2.06207366e-02 -5.00730108e-01  1.07035568e+03  1.32016916e-01 -4.27145754e-01  1.07035568e+03  3.96009391e-03 -1.28254986e-02  1.07035568e+03  9.75636085e-01 -3.87677594e-06 
 1.08275280e+03 -2.67175459e-02 -5.05969799e-01  1.08275280e+03  1.23982627e-01 -4.24256843e-01  1.08275280e+03  3.63418682e-03 -1.24486733e-02  1.08275280e+03  9.75636085e-01 -3.83239721e-06 
 1.09529351e+03 -3.29342693e-02 -5.11127223e-01  1.09529351e+03  1.16088112e-01 -4.21210367e-01  1.09529351e+03  3.32507637e-03 -1.20778407e-02  1.09529351e+03  9.75636085e-01 -3.78852670e-06 
 1.10797946e+03 -3.92686861e-02 -5.16198960e-01  1.10797946e+03  1.08336698e-01 -4.18012053e-01  1.10797946e+03  3.03216856e-03 -1.17131866e-02  1.10797946e+03  9.75636085e-01 -3.74515860e-06 
 1.12081235e+03 -4.57184516e-02 -5.21181672e-01  1.12081235e+03  1.00731476e-01 -4.14667687e-01  1.12081235e+03  2.75487917e-03 -1.13548772e-02  1.12081235e+03  9.75636085e-01 -3.70228714e-06 
 1.13379388e+03 -5.22811006e-02 -5.26072101e-01  1.13379388e+03  9.32753051e-02 -4.11183112e-01  1.13379388e+03  2.49263416e-03 -1.10030602e-02  1.13379388e+03  9.75636085e-01 -3.65990667e-06 
 1.14692575e+03 -5.89540510e-02 -5.30867081e-01  1.14692575e+03  8.59708104e-02 -4.07564210e-01  1.14692575e+03  2.24487001e-03 -1.06578648e-02  1.14692575e+03  9.75636085e-01 -3.61801154e-06 
 1.16020973e+03 -6.57346083e-02 -5.35563539e-01  1.16020973e+03  7.88203823e-02 -4.03816897e-01  1.16020973e+03  2.01103400e-03 -1.03194032e-02  1.16020973e+03  9.75636085e-01 -3.57659620e-06 
 1.17364756e+03 -7.26199698e-02 -5.40158499e-01  1.17364756e+03  7.18261787e-02 -3.99947114e-01  1.17364756e+03  1.79058457e-03 -9.98777063e-03  1.17364756e+03  9.75636085e-01 -3.53565517e-06 
 1.18724103e+03 -7.96072286e-02 -5.44649089e-01  1.18724103e+03  6.49901258e-02 -3.95960812e-01  1.18724103e+03  1.58299150e-03 -9.66304659e-03  1.18724103e+03  9.75636085e-01 -3.49518301e-06 
 1.20099195e+03 -8.66933793e-02 -5.49032544e-01  1.20099195e+03  5.83139201e-02 -3.91863945e-01  1.20099195e+03  1.38773620e-03 -9.34529513e-03  1.20099195e+03  9.75636085e-01 -3.45517434e-06 
 1.21490213e+03 -9.38753222e-02 -5.53306212e-01  1.21490213e+03  5.17990304e-02 -3.87662462e-01  1.21490213e+03  1.20431188e-03 -9.03456578e-03  1.21490213e+03  9.75636085e-01 -3.41562389e-06 
 1.22897342e+03 -1.01149869e-01 -5.57467552e-01  1.22897342e+03  4.54467005e-02 -3.83362296e-01  1.22897342e+03  1.03222370e-03 -8.73089413e-03  1.22897342e+03  9.75636084e-01 -3.37652638e-06 
 1.24320769e+03 -1.08513747e-01 -5.61514144e-01  1.24320769e+03  3.92579524e-02 -3.78969353e-01  1.24320769e+03  8.70988985e-04 -8.43430253e-03  1.24320769e+03  9.75636084e-01 -3.33787664e-06 
 1.25760683e+03 -1.15963606e-01 -5.65443689e-01  1.25760683e+03  3.32335897e-02 -3.74489507e-01  1.25760683e+03  7.20137260e-04 -8.14480078e-03  1.25760683e+03  9.75636084e-01 -3.29966955e-06 
 1.27217273e+03 -1.23496023e-01 -5.69254011e-01  1.27217273e+03  2.73742015e-02 -3.69928588e-01  1.27217273e+03  5.79210398e-04 -7.86238674e-03  1.27217273e+03  9.75636084e-01 -3.26190004e-06 
 1.28690735e+03 -1.31107509e-01 -5.72943062e-01  1.28690735e+03  2.16801667e-02 -3.65292377e-01  1.28690735e+03  4.47762665e-04 -7.58704705e-03  1.28690735e+03  9.75636084e-01 -3.22456309e-06 
 1.30181262e+03 -1.38794513e-01 -5.76508922e-01  1.30181262e+03  1.61516588e-02 -3.60586593e-01  1.30181262e+03  3.25360765e-04 -7.31875767e-03  1.30181262e+03  9.75636084e-01 -3.18765376e-06 
 1.31689054e+03 -1.46553427e-01 -5.79949803e-01  1.31689054e+03  1.07886506e-02 -3.55816890e-01  1.31689054e+03  2.11583863e-04 -7.05748462e-03  1.31689054e+03  9.75636084e-01 -3.15116716e-06 
 1.33214308e+03 -1.54380598e-01 -5.83264049e-01  1.33214308e+03  5.59091937e-03 -3.50988847e-01  1.33214308e+03  1.06023576e-04 -6.80318450e-03  1.33214308e+03  9.75636084e-01 -3.11509843e-06 
 1.34757229e+03 -1.62272324e-01 -5.86450136e-01  1.34757229e+03  5.58052842e-04 -3.46107964e-01  1.34757229e+03  8.28394967e-06 -6.55580514e-03  1.34757229e+03  9.75636084e-01 -3.07944280e-06 
 1.36318020e+03 -1.70224870e-01 -5.89506678e-01  1.36318020e+03 -4.31054536e-03 -3.41179651e-01  1.36318020e+03 -8.20185872e-05 -6.31528615e-03  1.36318020e+03  9.75636084e-01 -3.04419556e-06 
 1.37896889e+03 -1.78234468e-01 -5.92432423e-01  1.37896889e+03 -9.01564951e-03 -3.36209223e-01  1.37896889e+03 -1.65255290e-04 -6.08155956e-03  1.37896889e+03  9.75636084e-01 -3.00935201e-06 
 1.39494044e+03 -1.86297323e-01 -5.95226255e-01  1.39494044e+03 -1.35582055e-02 -3.31201896e-01  1.39494044e+03 -2.41785185e-04 -5.85455029e-03  1.39494044e+03  9.75636084e-01 -2.97490754e-06 
 1.41109698e+03 -1.94409622e-01 -5.97887193e-01  1.41109698e+03 -1.79393244e-02 -3.26162781e-01  1.41109698e+03 -3.11955169e-04 -5.63417676e-03  1.41109698e+03  9.75636084e-01 -2.94085757e-06 
 1.42744065e+03 -2.02567538e-01 -6.00414393e-01  1.42744065e+03 -2.21602759e-02 -3.21096877e-01  1.42744065e+03 -3.76100131e-04 -5.42035138e-03  1.42744065e+03  9.75636084e-01 -2.90719760e-06 
 1.44397362e+03 -2.10767234e-01 -6.02807148e-01  1.44397362e+03 -2.62224812e-02 -3.16009066e-01  1.44397362e+03 -4.34543090e-04 -5.21298108e-03  1.44397362e+03  9.75636084e-01 -2.87392317e-06 
 1.46069807e+03 -2.19004874e-01 -6.05064882e-01  1.46069807e+03 -3.01275065e-02 -3.10904114e-01  1.46069807e+03 -4.87595342e-04 -5.01196778e-03  1.46069807e+03  9.75636084e-01 -2.84102985e-06 
 1.47761623e+03 -2.27276623e-01 -6.07187155e-01  1.47761623e+03 -3.38770558e-02 -3.05786657e-01  1.47761623e+03 -5.35556628e-04 -4.81720889e-03  1.47761623e+03  9.75636084e-01 -2.80851328e-06 
 1.49473034e+03 -2.35578654e-01 -6.09173661e-01  1.49473034e+03 -3.74729638e-02 -3.00661209e-01  1.49473034e+03 -5.78715310e-04 -4.62859775e-03  1.49473034e+03  9.75636084e-01 -2.77636916e-06 
 1.51204267e+03 -2.43907156e-01 -6.11024220e-01  1.51204267e+03 -4.09171888e-02 -2.95532148e-01  1.51204267e+03 -6.17348561e-04 -4.44602408e-03  1.51204267e+03  9.75636084e-01 -2.74459322e-06 
 1.52955552e+03 -2.52258337e-01 -6.12738785e-01  1.52955552e+03 -4.42118054e-02 -2.90403722e-01  1.52955552e+03 -6.51722565e-04 -4.26937440e-03  1.52955552e+03  9.75636084e-01 -2.71318125e-06 
 1.54727121e+03 -2.60628429e-01 -6.14317436e-01  1.54727121e+03 -4.73589976e-02 -2.85280041e-01  1.54727121e+03 -6.82092727e-04 -4.09853244e-03  1.54727121e+03  9.75636084e-01 -2.68212908e-06 
 1.56519208e+03 -2.69013695e-01 -6.15760375e-01  1.56519208e+03 -5.03610512e-02 -2.80165076e-01  1.56519208e+03 -7.08703893e-04 -3.93337953e-03  1.56519208e+03  9.75636084e-01 -2.65143259e-06 
 1.58332052e+03 -2.77410429e-01 -6.17067930e-01  1.58332052e+03 -5.32203471e-02 -2.75062660e-01  1.58332052e+03 -7.31790577e-04 -3.77379496e-03  1.58332052e+03  9.75636084e-01 -2.62108771e-06 
 1.60165892e+03 -2.85814967e-01 -6.18240546e-01  1.60165892e+03 -5.59393539e-02 -2.69976482e-01  1.60165892e+03 -7.51577194e-04 -3.61965635e-03  1.60165892e+03  9.75636084e-01 -2.59109044e-06 
 1.62020972e+03 -2.94223688e-01 -6.19278786e-01  1.62020972e+03 -5.85206209e-02 -2.64910091e-01  1.62020972e+03 -7.68278304e-04 -3.47083995e-03  1.62020972e+03  9.75636084e-01 -2.56143677e-06 
 1.63897539e+03 -3.02633017e-01 -6.20183328e-01  1.63897539e+03 -6.09667714e-02 -2.59866892e-01  1.63897539e+03 -7.82098854e-04 -3.32722101e-03  1.63897539e+03  9.75636084e-01 -2.53212277e-06 
 1.65795840e+03 -3.11039431e-01 -6.20954958e-01  1.65795840e+03 -6.32804954e-02 -2.54850145e-01  1.65795840e+03 -7.93234429e-04 -3.18867404e-03  1.65795840e+03  9.75636084e-01 -2.50314457e-06 
 1.67716128e+03 -3.19439464e-01 -6.21594572e-01  1.67716128e+03 -6.54645433e-02 -2.49862969e-01  1.67716128e+03 -8.01871508e-04 -3.05507314e-03  1.67716128e+03  9.75636084e-01 -2.47449832e-06 
 1.69658657e+03 -3.27829707e-01 -6.22103171e-01  1.69658657e+03 -6.75217189e-02 -2.44908338e-01  1.69658657e+03 -8.08187720e-04 -2.92629219e-03  1.69658657e+03  9.75636084e-01 -2.44618021e-06 
 1.71623685e+03 -3.36206816e-01 -6.22481853e-01  1.71623685e+03 -6.94548733e-02 -2.39989085e-01  1.71623685e+03 -8.12352102e-04 -2.80220520e-03  1.71623685e+03  9.75636084e-01 -2.41818650e-06 
 1.73611472e+03 -3.44567509e-01 -6.22731816e-01  1.73611472e+03 -7.12668984e-02 -2.35107900e-01  1.73611472e+03 -8.14525360e-04 -2.68268645e-03  1.73611472e+03  9.75636084e-01 -2.39051347e-06 
 1.75622283e+03 -3.52908576e-01 -6.22854350e-01  1.75622283e+03 -7.29607207e-02 -2.30267333e-01  1.75622283e+03 -8.14860128e-04 -2.56761081e-03  1.75622283e+03  9.75636084e-01 -2.36315745e-06 
 1.77656383e+03 -3.61226878e-01 -6.22850835e-01  1.77656383e+03 -7.45392954e-02 -2.25469793e-01  1.77656383e+03 -8.13501233e-04 -2.45685385e-03  1.77656383e+03  9.75636084e-01 -2.33611482e-06 
 1.79714043e+03 -3.69519349e-01 -6.22722735e-01  1.79714043e+03 -7.60056005e-02 -2.20717555e-01  1.79714043e+03 -8.10585953e-04 -2.35029209e-03  1.79714043e+03  9.75636084e-01 -2.30938199e-06 
 1.81795534e+03 -3.77782999e-01 -6.22471598e-01  1.81795534e+03 -7.73626315e-02 -2.16012754e-01  1.81795534e+03 -8.06244277e-04 -2.24780316e-03  1.81795534e+03  9.75636084e-01 -2.28295540e-06 
 1.83901135e+03 -3.86014920e-01 -6.22099048e-01  1.83901135e+03 -7.86133957e-02 -2.11357395e-01  1.83901135e+03 -8.00599160e-04 -2.14926598e-03  1.83901135e+03  9.75636084e-01 -2.25683156e-06 
 1.86031122e+03 -3.94212279e-01 -6.21606781e-01  1.86031122e+03 -7.97609068e-02 -2.06753349e-01  1.86031122e+03 -7.93766785e-04 -2.05456086e-03  1.86031122e+03  9.75636084e-01 -2.23100702e-06 
 1.88185780e+03 -4.02372330e-01 -6.20996567e-01  1.88185780e+03 -8.08081807e-02 -2.02202358e-01  1.88185780e+03 -7.85856809e-04 -1.96356970e-03  1.88185780e+03  9.75636084e-01 -2.20547833e-06 
 1.90365394e+03 -4.10492409e-01 -6.20270236e-01  1.90365394e+03 -8.17582297e-02 -1.97706037e-01  1.90365394e+03 -7.76972614e-04 -1.87617606e-03  1.90365394e+03  9.75636084e-01 -2.18024212e-06 
 1.92570252e+03 -4.18569936e-01 -6.19429684e-01  1.92570252e+03 -8.26140588e-02 -1.93265880e-01  1.92570252e+03 -7.67211558e-04 -1.79226532e-03  1.92570252e+03  9.75636084e-01 -2.15529503e-06 
 1.94800648e+03 -4.26602419e-01 -6.18476862e-01  1.94800648e+03 -8.33786609e-02 -1.88883257e-01  1.94800648e+03 -7.56665211e-04 -1.71172473e-03  1.94800648e+03  9.75636084e-01 -2.13063376e-06 
 1.97056877e+03 -4.34587452e-01 -6.17413774e-01  1.97056877e+03 -8.40550126e-02 -1.84559420e-01  1.97056877e+03 -7.45419597e-04 -1.63444356e-03  1.97056877e+03  9.75636084e-01 -2.10625504e-06 
 1.99339237e+03 -4.42522717e-01 -6.16242476e-01  1.99339237e+03 -8.46460706e-02 -1.80295508e-01  1.99339237e+03 -7.33555426e-04 -1.56031310e-03  1.99339237e+03  9.75636084e-01 -2.08215563e-06 
 2.01648033e+03 -4.50405985e-01 -6.14965066e-01  2.01648033e+03 -8.51547678e-02 -1.76092546e-01  2.01648033e+03 -7.21148325e-04 -1.48922682e-03  2.01648033e+03  9.75636084e-01 -2.05833234e-06 
 2.03983570e+03 -4.58235113e-01 -6.13583685e-01  2.03983570e+03 -8.55840099e-02 -1.71951451e-01  2.03983570e+03 -7.08269056e-04 -1.42108036e-03  2.03983570e+03  9.75636084e-01 -2.03478202e-06 
 2.06346157e+03 -4.66008051e-01 -6.12100514e-01  2.06346157e+03 -8.59366722e-02 -1.67873036e-01  2.06346157e+03 -6.94983742e-04 -1.35577161e-03  2.06346157e+03  9.75636084e-01 -2.01150154e-06 
 2.08736109e+03 -4.73722834e-01 -6.10517763e-01  2.08736109e+03 -8.62155964e-02 -1.63858010e-01  2.08736109e+03 -6.81354075e-04 -1.29320074e-03  2.08736109e+03  9.75636084e-01 -1.98848780e-06 
 2.11153741e+03 -4.81377590e-01 -6.08837678e-01  2.11153741e+03 -8.64235877e-02 -1.59906985e-01  2.11153741e+03 -6.67437526e-04 -1.23327025e-03  2.11153741e+03  9.75636084e-01 -1.96573777e-06 
 2.13599375e+03 -4.88970530e-01 -6.07062527e-01  2.13599375e+03 -8.65634125e-02 -1.56020478e-01  2.13599375e+03 -6.53287545e-04 -1.17588500e-03  2.13599375e+03  9.75636084e-01 -1.94324841e-06 
 2.16073335e+03 -4.96499959e-01 -6.05194602e-01  2.16073335e+03 -8.66377958e-02 -1.52198913e-01  2.16073335e+03 -6.38953757e-04 -1.12095219e-03  2.16073335e+03  9.75636084e-01 -1.92101675e-06 
 2.18575950e+03 -5.03964265e-01 -6.03236217e-01  2.18575950e+03 -8.66494189e-02 -1.48442628e-01  2.18575950e+03 -6.24482156e-04 -1.06838143e-03  2.18575950e+03  9.75636084e-01 -1.89903985e-06 
 2.21107550e+03 -5.11361925e-01 -6.01189699e-01  2.21107550e+03 -8.66009174e-02 -1.44751874e-01  2.21107550e+03 -6.09915284e-04 -1.01808470e-03  2.21107550e+03  9.75636084e-01 -1.87731476e-06 
 2.23668471e+03 -5.18691501e-01 -5.99057390e-01  2.23668471e+03 -8.64948795e-02 -1.41126823e-01  2.23668471e+03 -5.95292412e-04 -9.69976380e-04  2.23668471e+03  9.75636084e-01 -1.85583866e-06 
 2.26259054e+03 -5.25951640e-01 -5.96841641e-01  2.26259054e+03 -8.63338441e-02 -1.37567568e-01  2.26259054e+03 -5.80649711e-04 -9.23973217e-04  2.26259054e+03  9.75636084e-01 -1.83460866e-06 
 2.28879641e+03 -5.33141075e-01 -5.94544810e-01  2.28879641e+03 -8.61202997e-02 -1.34074128e-01  2.28879641e+03 -5.66020423e-04 -8.79994348e-04  2.28879641e+03  9.75636084e-01 -1.81362195e-06 
 2.31530581e+03 -5.40258618e-01 -5.92169257e-01  2.31530581e+03 -8.58566826e-02 -1.30646453e-01  2.31530581e+03 -5.51435012e-04 -8.37961265e-04  2.31530581e+03  9.75636084e-01 -1.79287573e-06 
 2.34212225e+03 -5.47303167e-01 -5.89717345e-01  2.34212225e+03 -8.55453761e-02 -1.27284422e-01  2.34212225e+03 -5.36921328e-04 -7.97797805e-04  2.34212225e+03  9.75636084e-01 -1.77236729e-06 
 2.36924928e+03 -5.54273696e-01 -5.87191435e-01  2.36924928e+03 -8.51887095e-02 -1.23987853e-01  2.36924928e+03 -5.22504750e-04 -7.59430121e-04  2.36924928e+03  9.75636084e-01 -1.75209388e-06 
 2.39669050e+03 -5.61169261e-01 -5.84593881e-01  2.39669050e+03 -8.47889573e-02 -1.20756502e-01  2.39669050e+03 -5.08208331e-04 -7.22786663e-04  2.39669050e+03  9.75636084e-01 -1.73205282e-06 
 2.42444956e+03 -5.67988993e-01 -5.81927032e-01  2.42444956e+03 -8.43483382e-02 -1.17590069e-01  2.42444956e+03 -4.94052933e-04 -6.87798144e-04  2.42444956e+03  9.75636084e-01 -1.71224145e-06 
 2.45253012e+03 -5.74732101e-01 -5.79193226e-01  2.45253012e+03 -8.38690149e-02 -1.14488197e-01  2.45253012e+03 -4.80057360e-04 -6.54397514e-04  2.45253012e+03  9.75636084e-01 -1.69265716e-06 
 2.48093593e+03 -5.81397867e-01 -5.76394791e-01  2.48093593e+03 -8.33530937e-02 -1.11450480e-01  2.48093593e+03 -4.66238485e-04 -6.22519918e-04  2.48093593e+03  9.75636084e-01 -1.67329731e-06 
 2.50967073e+03 -5.87985644e-01 -5.73534039e-01  2.50967073e+03 -8.28026239e-02 -1.08476463e-01  2.50967073e+03 -4.52611367e-04 -5.92102665e-04  2.50967073e+03  9.75636084e-01 -1.65415939e-06 
 2.53873835e+03 -5.94494859e-01 -5.70613266e-01  2.53873835e+03 -8.22195982e-02 -1.05565645e-01  2.53873835e+03 -4.39189370e-04 -5.63085187e-04  2.53873835e+03  9.75636084e-01 -1.63524081e-06 
 2.56814264e+03 -6.00925004e-01 -5.67634751e-01  2.56814264e+03 -8.16059519e-02 -1.02717485e-01  2.56814264e+03 -4.25984267e-04 -5.35408997e-04  2.56814264e+03  9.75636084e-01 -1.61653910e-06 
 2.59788749e+03 -6.07275643e-01 -5.64600750e-01  2.59788749e+03 -8.09635638e-02 -9.99313996e-02  2.59788749e+03 -4.13006352e-04 -5.09017650e-04  2.59788749e+03  9.75636084e-01 -1.59805173e-06 
 2.62797686e+03 -6.13546400e-01 -5.61513501e-01  2.62797686e+03 -8.02942557e-02 -9.72067713e-02  2.62797686e+03 -4.00264536e-04 -4.83856699e-04  2.62797686e+03  9.75636084e-01 -1.57977632e-06 
 2.65841473e+03 -6.19736967e-01 -5.58375216e-01  2.65841473e+03 -7.95997930e-02 -9.45429470e-02  2.65841473e+03 -3.87766440e-04 -4.59873646e-04  2.65841473e+03  9.75636084e-01 -1.56171040e-06 
 2.68920513e+03 -6.25847094e-01 -5.55188082e-01  2.68920513e+03 -7.88818850e-02 -9.19392429e-02  2.68920513e+03 -3.75518491e-04 -4.37017901e-04  2.68920513e+03  9.75636084e-01 -1.54385157e-06 
 2.72035216e+03 -6.31876594e-01 -5.51954260e-01  2.72035216e+03 -7.81421853e-02 -8.93949458e-02  2.72035216e+03 -3.63526001e-04 -4.15240734e-04  2.72035216e+03  9.75636084e-01 -1.52619749e-06 
 2.75185995e+03 -6.37825335e-01 -5.48675883e-01  2.75185995e+03 -7.73822922e-02 -8.69093163e-02  2.75185995e+03 -3.51793254e-04 -3.94495231e-04  2.75185995e+03  9.75636084e-01 -1.50874578e-06 
 2.78373266e+03 -6.43693242e-01 -5.45355054e-01  2.78373266e+03 -7.66037496e-02 -8.44815907e-02  2.78373266e+03 -3.40323581e-04 -3.74736240e-04  2.78373266e+03  9.75636084e-01 -1.49149417e-06 
 2.81597453e+03 -6.49480294e-01 -5.41993847e-01  2.81597453e+03 -7.58080473e-02 -8.21109832e-02  2.81597453e+03 -3.29119431e-04 -3.55920330e-04  2.81597453e+03  9.75636084e-01 -1.47444034e-06 
 2.84858983e+03 -6.55186522e-01 -5.38594302e-01  2.84858983e+03 -7.49966221e-02 -7.97966886e-02  2.84858983e+03 -3.18182445e-04 -3.38005741e-04  2.84858983e+03  9.75636084e-01 -1.45758204e-06 
 2.88158290e+03 -6.60812007e-01 -5.35158431e-01  2.88158290e+03 -7.41708581e-02 -7.75378838e-02  2.88158290e+03 -3.07513517e-04 -3.20952336e-04  2.88158290e+03  9.75636084e-01 -1.44091704e-06 
 2.91495809e+03 -6.66356879e-01 -5.31688208e-01  2.91495809e+03 -7.33320879e-02 -7.53337300e-02  2.91495809e+03 -2.97112856e-04 -3.04721555e-04  2.91495809e+03  9.75636084e-01 -1.42444312e-06 
 2.94871985e+03 -6.71821312e-01 -5.28185576e-01  2.94871985e+03 -7.24815931e-02 -7.31833747e-02  2.94871985e+03 -2.86980046e-04 -2.89276366e-04  2.94871985e+03  9.75636084e-01 -1.40815810e-06 
 2.98287264e+03 -6.77205527e-01 -5.24652442e-01  2.98287264e+03 -7.16206056e-02 -7.10859534e-02  2.98287264e+03 -2.77114099e-04 -2.74581218e-04  2.98287264e+03  9.75636084e-01 -1.39205981e-06 
 3.01742100e+03 -6.82509787e-01 -5.21090677e-01  3.01742100e+03 -7.07503084e-02 -6.90405915e-02  3.01742100e+03 -2.67513510e-04 -2.60601999e-04  3.01742100e+03  9.75636084e-01 -1.37614612e-06 
 3.05236951e+03 -6.87734393e-01 -5.17502118e-01  3.05236951e+03 -6.98718364e-02 -6.70464057e-02  3.05236951e+03 -2.58176299e-04 -2.47305984e-04  3.05236951e+03  9.75636084e-01 -1.36041496e-06 
 3.08772279e+03 -6.92879690e-01 -5.13888563e-01  3.08772279e+03 -6.89862775e-02 -6.51025061e-02  3.08772279e+03 -2.49100062e-04 -2.34661793e-04  3.08772279e+03  9.75636084e-01 -1.34486416e-06 
 3.12348555e+03 -6.97946056e-01 -5.10251774e-01  3.12348555e+03 -6.80946737e-02 -6.32079969e-02  3.12348555e+03 -2.40282011e-04 -2.22639347e-04  3.12348555e+03  9.75636084e-01 -1.32949174e-06 
 3.15966252e+03 -7.02933906e-01 -5.06593478e-01  3.15966252e+03 -6.71980220e-02 -6.13619788e-02  3.15966252e+03 -2.31719014e-04 -2.11209822e-04  3.15966252e+03  9.75636084e-01 -1.31429560e-06 
 3.19625851e+03 -7.07843689e-01 -5.02915360e-01  3.19625851e+03 -6.62972757e-02 -5.95635495e-02  3.19625851e+03 -2.23407632e-04 -2.00345607e-04  3.19625851e+03  9.75636084e-01 -1.29927380e-06 
 3.23327835e+03 -7.12675885e-01 -4.99219071e-01  3.23327835e+03 -6.53933452e-02 -5.78118055e-02  3.23327835e+03 -2.15344157e-04 -1.90020261e-04  3.23327835e+03  9.75636084e-01 -1.28442425e-06 
 3.27072697e+03 -7.17431004e-01 -4.95506224e-01  3.27072697e+03 -6.44870991e-02 -5.61058431e-02  3.27072697e+03 -2.07524638e-04 -1.80208474e-04  3.27072697e+03  9.75636084e-01 -1.26974506e-06 
 3.30860933e+03 -7.22109586e-01 -4.91778391e-01  3.30860933e+03 -6.35793656e-02 -5.44447598e-02  3.30860933e+03 -1.99944919e-04 -1.70886022e-04  3.30860933e+03  9.75636084e-01 -1.25523424e-06 
 3.34693045e+03 -7.26712198e-01 -4.88037108e-01  3.34693045e+03 -6.26709331e-02 -5.28276549e-02  3.34693045e+03 -1.92600659e-04 -1.62029732e-04  3.34693045e+03  9.75636084e-01 -1.24088988e-06 
 3.38569541e+03 -7.31239431e-01 -4.84283874e-01  3.38569541e+03 -6.17625519e-02 -5.12536311e-02  3.38569541e+03 -1.85487366e-04 -1.53617439e-04  3.38569541e+03  9.75636084e-01 -1.22671011e-06 
 3.42490936e+03 -7.35691901e-01 -4.80520149e-01  3.42490936e+03 -6.08549346e-02 -4.97217948e-02  3.42490936e+03 -1.78600416e-04 -1.45627951e-04  3.42490936e+03  9.75636084e-01 -1.21269296e-06 
 3.46457750e+03 -7.40070247e-01 -4.76747355e-01  3.46457750e+03 -5.99487578e-02 -4.82312577e-02  3.46457750e+03 -1.71935075e-04 -1.38041013e-04  3.46457750e+03  9.75636084e-01 -1.19883666e-06 
 3.50470508e+03 -7.44375129e-01 -4.72966875e-01  3.50470508e+03 -5.90446629e-02 -4.67811370e-02  3.50470508e+03 -1.65486525e-04 -1.30837266e-04  3.50470508e+03  9.75636084e-01 -1.18513933e-06 
 3.54529743e+03 -7.48607225e-01 -4.69180058e-01  3.54529743e+03 -5.81432572e-02 -4.53705566e-02  3.54529743e+03 -1.59249877e-04 -1.23998219e-04  3.54529743e+03  9.75636084e-01 -1.17159918e-06 
 3.58635993e+03 -7.52767233e-01 -4.65388213e-01  3.58635993e+03 -5.72451149e-02 -4.39986475e-02  3.58635993e+03 -1.53220192e-04 -1.17506209e-04  3.58635993e+03  9.75636084e-01 -1.15821437e-06 
 3.62789803e+03 -7.56855868e-01 -4.61592612e-01  3.62789803e+03 -5.63507785e-02 -4.26645487e-02  3.62789803e+03 -1.47392497e-04 -1.11344374e-04  3.62789803e+03  9.75636084e-01 -1.14498322e-06 
 3.66991723e+03 -7.60873859e-01 -4.57794492e-01  3.66991723e+03 -5.54607593e-02 -4.13674077e-02  3.66991723e+03 -1.41761800e-04 -1.05496616e-04  3.66991723e+03  9.75636084e-01 -1.13190383e-06 
 3.71242310e+03 -7.64821951e-01 -4.53995053e-01  3.71242310e+03 -5.45755391e-02 -4.01063811e-02  3.71242310e+03 -1.36323100e-04 -9.99475707e-05  3.71242310e+03  9.75636084e-01 -1.11897457e-06 
 3.75542129e+03 -7.68700902e-01 -4.50195457e-01  3.75542129e+03 -5.36955706e-02 -3.88806351e-02  3.75542129e+03 -1.31071405e-04 -9.46825813e-05  3.75542129e+03  9.75636084e-01 -1.10619373e-06 
 3.79891750e+03 -7.72511481e-01 -4.46396835e-01  3.79891750e+03 -5.28212787e-02 -3.76893459e-02  3.79891750e+03 -1.26001740e-04 -8.96876656e-05  3.79891750e+03  9.75636084e-01 -1.09355955e-06 
 3.84291749e+03 -7.76254470e-01 -4.42600277e-01  3.84291749e+03 -5.19530617e-02 -3.65317003e-02  3.84291749e+03 -1.21109155e-04 -8.49494898e-05  3.84291749e+03  9.75636084e-01 -1.08107040e-06 
 3.88742709e+03 -7.79930659e-01 -4.38806844e-01  3.88742709e+03 -5.10912917e-02 -3.54068959e-02  3.88742709e+03 -1.16388741e-04 -8.04553407e-05  3.88742709e+03  9.75636084e-01 -1.06872462e-06 
 3.93245222e+03 -7.83540847e-01 -4.35017559e-01  3.93245222e+03 -5.02363163e-02 -3.43141415e-02  3.93245222e+03 -1.11835632e-04 -7.61930999e-05  3.93245222e+03  9.75636084e-01 -1.05652057e-06 
 3.97799884e+03 -7.87085841e-01 -4.31233411e-01  3.97799884e+03 -4.93884589e-02 -3.32526575e-02  3.97799884e+03 -1.07445014e-04 -7.21512182e-05  3.97799884e+03  9.75636084e-01 -1.04445663e-06 
 4.02407300e+03 -7.90566456e-01 -4.27455359e-01  4.02407300e+03 -4.85480198e-02 -3.22216761e-02  4.02407300e+03 -1.03212134e-04 -6.83186914e-05  4.02407300e+03  9.75636084e-01 -1.03253118e-06 
 4.07068079e+03 -7.93983510e-01 -4.23684327e-01  4.07068079e+03 -4.77152775e-02 -3.12204415e-02  4.07068079e+03 -9.91323027e-05 -6.46850367e-05  4.07068079e+03  9.75636084e-01 -1.02074267e-06 
 4.11782841e+03 -7.97337829e-01 -4.19921205e-01  4.11782841e+03 -4.68904889e-02 -3.02482103e-02  4.11782841e+03 -9.52009029e-05 -6.12402700e-05  4.11782841e+03  9.75636084e-01 -1.00908950e-06 
 4.16552210e+03 -8.00630242e-01 -4.16166856e-01  4.16552210e+03 -4.60738906e-02 -2.93042512e-02  4.16552210e+03 -9.14133914e-05 -5.79748843e-05  4.16552210e+03  9.75636084e-01 -9.97570182e-07 
 4.21376820e+03 -8.03861581e-01 -4.12422107e-01  4.21376820e+03 -4.52656998e-02 -2.83878459e-02  4.21376820e+03 -8.77653043e-05 -5.48798283e-05  4.21376820e+03  9.75636084e-01 -9.86183135e-07 
 4.26257309e+03 -8.07032680e-01 -4.08687758e-01  4.26257309e+03 -4.44661148e-02 -2.74982884e-02  4.26257309e+03 -8.42522602e-05 -5.19464864e-05  4.26257309e+03  9.75636084e-01 -9.74926868e-07 
 4.31194325e+03 -8.10144376e-01 -4.04964577e-01  4.31194325e+03 -4.36753160e-02 -2.66348859e-02  4.31194325e+03 -8.08699632e-05 -4.91666594e-05  4.31194325e+03  9.75636084e-01 -9.63799885e-07 
 4.36188523e+03 -8.13197507e-01 -4.01253303e-01  4.36188523e+03 -4.28934667e-02 -2.57969580e-02  4.36188523e+03 -7.76142051e-05 -4.65325456e-05  4.36188523e+03  9.75636084e-01 -9.52800744e-07 
 4.41240565e+03 -8.16192909e-01 -3.97554647e-01  4.41240565e+03 -4.21207137e-02 -2.49838378e-02  4.41240565e+03 -7.44808675e-05 -4.40367227e-05  4.41240565e+03  9.75636084e-01 -9.41927911e-07 
 4.46351120e+03 -8.19131420e-01 -3.93869290e-01  4.46351120e+03 -4.13571881e-02 -2.41948707e-02  4.46351120e+03 -7.14659237e-05 -4.16721312e-05  4.46351120e+03  9.75636084e-01 -9.31180023e-07 
 4.51520868e+03 -8.22013878e-01 -3.90197886e-01  4.51520868e+03 -4.06030062e-02 -2.34294155e-02  4.51520868e+03 -6.85654395e-05 -3.94320570e-05  4.51520868e+03  9.75636084e-01 -9.20555622e-07 
 4.56750493e+03 -8.24841115e-01 -3.86541063e-01  4.56750493e+03 -3.98582699e-02 -2.26868439e-02  4.56750493e+03 -6.57755743e-05 -3.73101161e-05  4.56750493e+03  9.75636084e-01 -9.10053259e-07 
 4.62040688e+03 -8.27613967e-01 -3.82899422e-01  4.62040688e+03 -3.91230674e-02 -2.19665402e-02  4.62040688e+03 -6.30925817e-05 -3.53002394e-05  4.62040688e+03  9.75636084e-01 -8.99671653e-07 
 4.67392156e+03 -8.30333261e-01 -3.79273537e-01  4.67392156e+03 -3.83974741e-02 -2.12679020e-02  4.67392156e+03 -6.05128097e-05 -3.33966578e-05  4.67392156e+03  9.75636084e-01 -8.89409284e-07 
 4.72805606e+03 -8.32999826e-01 -3.75663958e-01  4.72805606e+03 -3.76815530e-02 -2.05903394e-02  4.72805606e+03 -5.80327009e-05 -3.15938882e-05  4.72805606e+03  9.75636084e-01 -8.79264885e-07 
 4.78281756e+03 -8.35614485e-01 -3.72071209e-01  4.78281756e+03 -3.69753555e-02 -1.99332753e-02  4.78281756e+03 -5.56487921e-05 -2.98867204e-05  4.78281756e+03  9.75636084e-01 -8.69237071e-07 
 4.83821332e+03 -8.38178057e-01 -3.68495791e-01  4.83821332e+03 -3.62789216e-02 -1.92961452e-02  4.83821332e+03 -5.33577140e-05 -2.82702042e-05  4.83821332e+03  9.75636084e-01 -8.59324577e-07 
 4.89425069e+03 -8.40691357e-01 -3.64938181e-01  4.89425069e+03 -3.55922810e-02 -1.86783974e-02  4.89425069e+03 -5.11561907e-05 -2.67396370e-05  4.89425069e+03  9.75636084e-01 -8.49525998e-07 
 4.95093709e+03 -8.43155194e-01 -3.61398834e-01  4.95093709e+03 -3.49154532e-02 -1.80794923e-02  4.95093709e+03 -4.90410386e-05 -2.52905518e-05  4.95093709e+03  9.75636084e-01 -8.39840060e-07 
 5.00828006e+03 -8.45570373e-01 -3.57878180e-01  5.00828006e+03 -3.42484484e-02 -1.74989028e-02  5.00828006e+03 -4.70091659e-05 -2.39187068e-05  5.00828006e+03  9.75636084e-01 -8.30265534e-07 
 5.06628718e+03 -8.47937693e-01 -3.54376630e-01  5.06628718e+03 -3.35912676e-02 -1.69361139e-02  5.06628718e+03 -4.50575712e-05 -2.26200735e-05  5.06628718e+03  9.75636084e-01 -8.20801125e-07 
 5.12496615e+03 -8.50257947e-01 -3.50894572e-01  5.12496615e+03 -3.29439035e-02 -1.63906229e-02  5.12496615e+03 -4.31833424e-05 -2.13908276e-05  5.12496615e+03  9.75636084e-01 -8.11445522e-07 
 5.18432476e+03 -8.52531921e-01 -3.47432374e-01  5.18432476e+03 -3.23063406e-02 -1.58619386e-02  5.18432476e+03 -4.13836554e-05 -2.02273382e-05  5.18432476e+03  9.75636084e-01 -8.02197527e-07 
 5.24437087e+03 -8.54760395e-01 -3.43990383e-01  5.24437087e+03 -3.16785561e-02 -1.53495818e-02  5.24437087e+03 -3.96557728e-05 -1.91261589e-05  5.24437087e+03  9.75636084e-01 -7.93055977e-07 
 5.30511246e+03 -8.56944142e-01 -3.40568929e-01  5.30511246e+03 -3.10605198e-02 -1.48530849e-02  5.30511246e+03 -3.79970423e-05 -1.80840190e-05  5.30511246e+03  9.75636084e-01 -7.84019502e-07 
 5.36655756e+03 -8.59083928e-01 -3.37168320e-01  5.36655756e+03 -3.04521950e-02 -1.43719916e-02  5.36655756e+03 -3.64048951e-05 -1.70978144e-05  5.36655756e+03  9.75636084e-01 -7.75087065e-07 
 5.42871434e+03 -8.61180513e-01 -3.33788847e-01  5.42871434e+03 -2.98535387e-02 -1.39058570e-02  5.42871434e+03 -3.48768445e-05 -1.61646000e-05  5.42871434e+03  9.75636084e-01 -7.66257408e-07 
 5.49159103e+03 -8.63234647e-01 -3.30430783e-01  5.49159103e+03 -2.92645019e-02 -1.34542471e-02  5.49159103e+03 -3.34104841e-05 -1.52815816e-05  5.49159103e+03  9.75636084e-01 -7.57529347e-07 
 5.55519598e+03 -8.65247073e-01 -3.27094382e-01  5.55519598e+03 -2.86850302e-02 -1.30167391e-02  5.55519598e+03 -3.20034860e-05 -1.44461083e-05  5.55519598e+03  9.75636084e-01 -7.48901767e-07 
 5.61953762e+03 -8.67218527e-01 -3.23779883e-01  5.61953762e+03 -2.81150639e-02 -1.25929206e-02  5.61953762e+03 -3.06535992e-05 -1.36556660e-05  5.61953762e+03  9.75636084e-01 -7.40373488e-07 
 5.68462447e+03 -8.69149737e-01 -3.20487507e-01  5.68462447e+03 -2.75545386e-02 -1.21823900e-02  5.68462447e+03 -2.93586478e-05 -1.29078700e-05  5.68462447e+03  9.75636084e-01 -7.31943361e-07 
 5.75046518e+03 -8.71041421e-01 -3.17217461e-01  5.75046518e+03 -2.70033853e-02 -1.17847559e-02  5.75046518e+03 -2.81165292e-05 -1.22004589e-05  5.75046518e+03  9.75636084e-01 -7.23610364e-07 
 5.81706847e+03 -8.72894291e-01 -3.13969936e-01  5.81706847e+03 -2.64615309e-02 -1.13996371e-02  5.81706847e+03 -2.69252123e-05 -1.15312885e-05  5.81706847e+03  9.75636084e-01 -7.15373272e-07 
 5.88444318e+03 -8.74709048e-01 -3.10745105e-01  5.88444318e+03 -2.59288985e-02 -1.10266625e-02  5.88444318e+03 -2.57827358e-05 -1.08983256e-05  5.88444318e+03  9.75636084e-01 -7.07231078e-07 
 5.95259823e+03 -8.76486387e-01 -3.07543131e-01  5.95259823e+03 -2.54054075e-02 -1.06654705e-02  5.95259823e+03 -2.46872061e-05 -1.02996428e-05  5.95259823e+03  9.75636084e-01 -6.99182641e-07 
 6.02154268e+03 -8.78226992e-01 -3.04364161e-01  6.02154268e+03 -2.48909740e-02 -1.03157095e-02  6.02154268e+03 -2.36367959e-05 -9.73341316e-06  6.02154268e+03  9.75636084e-01 -6.91226927e-07 
 6.09128565e+03 -8.79931540e-01 -3.01208326e-01  6.09128565e+03 -2.43855111e-02 -9.97703705e-03  6.09128565e+03 -2.26297421e-05 -9.19790476e-06  6.09128565e+03  9.75636084e-01 -6.83362928e-07 
 6.16183641e+03 -8.81600698e-01 -2.98075748e-01  6.16183641e+03 -2.38889291e-02 -9.64911993e-03  6.16183641e+03 -2.16643440e-05 -8.69147633e-06  6.16183641e+03  9.75636084e-01 -6.75589500e-07 
 6.23320430e+03 -8.83235125e-01 -2.94966534e-01  6.23320430e+03 -2.34011358e-02 -9.33163402e-03  6.23320430e+03 -2.07389618e-05 -8.21257241e-06  6.23320430e+03  9.75636084e-01 -6.67905703e-07 
 6.30539879e+03 -8.84835470e-01 -2.91880780e-01  6.30539879e+03 -2.29220365e-02 -9.02426401e-03  6.30539879e+03 -1.98520144e-05 -7.75971911e-06  6.30539879e+03  9.75636084e-01 -6.60310435e-07 
 6.37842946e+03 -8.86402375e-01 -2.88818567e-01  6.37842946e+03 -2.24515346e-02 -8.72670325e-03  6.37842946e+03 -1.90019784e-05 -7.33151988e-06  6.37842946e+03  9.75636084e-01 -6.52802749e-07 
 6.45230599e+03 -8.87936470e-01 -2.85779968e-01  6.45230599e+03 -2.19895316e-02 -8.43865353e-03  6.45230599e+03 -1.81873855e-05 -6.92665162e-06  6.45230599e+03  9.75636084e-01 -6.45381659e-07 
 6.52703817e+03 -8.89438379e-01 -2.82765044e-01  6.52703817e+03 -2.15359271e-02 -8.15982495e-03  6.52703817e+03 -1.74068213e-05 -6.54386090e-06  6.52703817e+03  9.75636084e-01 -6.38046123e-07 
 6.60263592e+03 -8.90908715e-01 -2.79773844e-01  6.60263592e+03 -2.10906194e-02 -7.88993566e-03  6.60263592e+03 -1.66589238e-05 -6.18196036e-06  6.60263592e+03  9.75636084e-01 -6.30795211e-07 
 6.67910926e+03 -8.92348083e-01 -2.76806408e-01  6.67910926e+03 -2.06535055e-02 -7.62871173e-03  6.67910926e+03 -1.59423814e-05 -5.83982539e-06  6.67910926e+03  9.75636084e-01 -6.23627940e-07 
 6.75646833e+03 -8.93757079e-01 -2.73862765e-01  6.75646833e+03 -2.02244810e-02 -7.37588695e-03  6.75646833e+03 -1.52559313e-05 -5.51639083e-06  6.75646833e+03  9.75636084e-01 -6.16543393e-07 
 6.83472339e+03 -8.95136289e-01 -2.70942937e-01  6.83472339e+03 -1.98034408e-02 -7.13120265e-03  6.83472339e+03 -1.45983584e-05 -5.21064794e-06  6.83472339e+03  9.75636084e-01 -6.09540603e-07 
 6.91388483e+03 -8.96486290e-01 -2.68046932e-01  6.91388483e+03 -1.93902787e-02 -6.89440753e-03  6.91388483e+03 -1.39684931e-05 -4.92164147e-06  6.91388483e+03  9.75636084e-01 -6.02618620e-07 
 6.99396313e+03 -8.97807652e-01 -2.65174755e-01  6.99396313e+03 -1.89848880e-02 -6.66525747e-03  6.99396313e+03 -1.33652102e-05 -4.64846689e-06  6.99396313e+03  9.75636084e-01 -5.95776568e-07 
 7.07496891e+03 -8.99100934e-01 -2.62326397e-01  7.07496891e+03 -1.85871613e-02 -6.44351535e-03  7.07496891e+03 -1.27874276e-05 -4.39026779e-06  7.07496891e+03  9.75636084e-01 -5.89013534e-07 
 7.15691293e+03 -9.00366688e-01 -2.59501844e-01  7.15691293e+03 -1.81969909e-02 -6.22895093e-03  7.15691293e+03 -1.22341043e-05 -4.14623332e-06  7.15691293e+03  9.75636084e-01 -5.82328579e-07 
 7.23980604e+03 -9.01605454e-01 -2.56701072e-01  7.23980604e+03 -1.78142686e-02 -6.02134059e-03  7.23980604e+03 -1.17042395e-05 -3.91559587e-06  7.23980604e+03  9.75636084e-01 -5.75720867e-07 
 7.32365924e+03 -9.02817767e-01 -2.53924053e-01  7.32365924e+03 -1.74388862e-02 -5.82046725e-03  7.32365924e+03 -1.11968709e-05 -3.69762880e-06  7.32365924e+03  9.75636084e-01 -5.69189495e-07 
 7.40848365e+03 -9.04004152e-01 -2.51170748e-01  7.40848365e+03 -1.70707354e-02 -5.62612017e-03  7.40848365e+03 -1.07110736e-05 -3.49164427e-06  7.40848365e+03  9.75636084e-01 -5.62733635e-07 
 7.49429051e+03 -9.05165122e-01 -2.48441111e-01  7.49429051e+03 -1.67097078e-02 -5.43809478e-03  7.49429051e+03 -1.02459587e-05 -3.29699126e-06  7.49429051e+03  9.75636084e-01 -5.56352357e-07 
 7.58109121e+03 -9.06301188e-01 -2.45735092e-01  7.58109121e+03 -1.63556952e-02 -5.25619253e-03  7.58109121e+03 -9.80067195e-06 -3.11305361e-06  7.58109121e+03  9.75636084e-01 -5.50044877e-07 
 7.66889726e+03 -9.07412846e-01 -2.43052633e-01  7.66889726e+03 -1.60085896e-02 -5.08022074e-03  7.66889726e+03 -9.37439278e-06 -2.93924818e-06  7.66889726e+03  9.75636084e-01 -5.43810359e-07 
 7.75772030e+03 -9.08500587e-01 -2.40393670e-01  7.75772030e+03 -1.56682833e-02 -4.90999245e-03  7.75772030e+03 -8.96633282e-06 -2.77502313e-06  7.75772030e+03  9.75636084e-01 -5.37647932e-07 
 7.84757211e+03 -9.09564893e-01 -2.37758132e-01  7.84757211e+03 -1.53346690e-02 -4.74532626e-03  7.84757211e+03 -8.57573485e-06 -2.61985628e-06  7.84757211e+03  9.75636084e-01 -5.31556858e-07 
 7.93846460e+03 -9.10606237e-01 -2.35145944e-01  7.93846460e+03 -1.50076397e-02 -4.58604617e-03  7.93846460e+03 -8.20187173e-06 -2.47325353e-06  7.93846460e+03  9.75636084e-01 -5.25536176e-07 
 8.03040984e+03 -9.11625085e-01 -2.32557024e-01  8.03040984e+03 -1.46870891e-02 -4.43198147e-03  8.03040984e+03 -7.84404523e-06 -2.33474737e-06  8.03040984e+03  9.75636084e-01 -5.19585278e-07 
 8.12342000e+03 -9.12621894e-01 -2.29991286e-01  8.12342000e+03 -1.43729115e-02 -4.28296658e-03  8.12342000e+03 -7.50158499e-06 -2.20389549e-06  8.12342000e+03  9.75636084e-01 -5.13703244e-07 
 8.21750744e+03 -9.13597113e-01 -2.27448640e-01  8.21750744e+03 -1.40650017e-02 -4.13884089e-03  8.21750744e+03 -7.17384751e-06 -2.08027945e-06  8.21750744e+03  9.75636084e-01 -5.07889341e-07 
 8.31268461e+03 -9.14551182e-01 -2.24928988e-01  8.31268461e+03 -1.37632552e-02 -3.99944867e-03  8.31268461e+03 -6.86021513e-06 -1.96350339e-06  8.31268461e+03  9.75636084e-01 -5.02142795e-07 
 8.40896415e+03 -9.15484536e-01 -2.22432230e-01  8.40896415e+03 -1.34675684e-02 -3.86463889e-03  8.40896415e+03 -6.56009511e-06 -1.85319285e-06  8.40896415e+03  9.75636084e-01 -4.96462786e-07 
 8.50635883e+03 -9.16397599e-01 -2.19958261e-01  8.50635883e+03 -1.31778385e-02 -3.73426513e-03  8.50635883e+03 -6.27291862e-06 -1.74899362e-06  8.50635883e+03  9.75636084e-01 -4.90848695e-07 
 8.60488155e+03 -9.17290788e-01 -2.17506973e-01  8.60488155e+03 -1.28939634e-02 -3.60818542e-03  8.60488155e+03 -5.99813990e-06 -1.65057067e-06  8.60488155e+03  9.75636084e-01 -4.85299569e-07 
 8.70454539e+03 -9.18164515e-01 -2.15078252e-01  8.70454539e+03 -1.26158421e-02 -3.48626215e-03  8.70454539e+03 -5.73523538e-06 -1.55760713e-06  8.70454539e+03  9.75636084e-01 -4.79814928e-07 
 8.80536355e+03 -9.19019181e-01 -2.12671982e-01  8.80536355e+03 -1.23433742e-02 -3.36836192e-03  8.80536355e+03 -5.48370280e-06 -1.46980330e-06  8.80536355e+03  9.75636084e-01 -4.74393898e-07 
 8.90734942e+03 -9.19855181e-01 -2.10288043e-01  8.90734942e+03 -1.20764607e-02 -3.25435540e-03  8.90734942e+03 -5.24306042e-06 -1.38687577e-06  8.90734942e+03  9.75636084e-01 -4.69035746e-07 
 9.01051652e+03 -9.20672903e-01 -2.07926310e-01  9.01051652e+03 -1.18150032e-02 -3.14411730e-03  9.01051652e+03 -5.01284623e-06 -1.30855652e-06  9.01051652e+03  9.75636084e-01 -4.63739836e-07 
 9.11487852e+03 -9.21472727e-01 -2.05586659e-01  9.11487852e+03 -1.15589046e-02 -3.03752614e-03  9.11487852e+03 -4.79261720e-06 -1.23459208e-06  9.11487852e+03  9.75636084e-01 -4.58505443e-07 
 9.22044926e+03 -9.22255027e-01 -2.03268958e-01  9.22044926e+03 -1.13080689e-02 -2.93446426e-03  9.22044926e+03 -4.58194850e-06 -1.16474280e-06  9.22044926e+03  9.75636084e-01 -4.53331755e-07 
 9.32724276e+03 -9.23020169e-01 -2.00973075e-01  9.32724276e+03 -1.10624008e-02 -2.83481760e-03  9.32724276e+03 -4.38043284e-06 -1.09878206e-06  9.32724276e+03  9.75636084e-01 -4.48218259e-07 
 9.43527316e+03 -9.23768511e-01 -1.98698876e-01  9.43527316e+03 -1.08218065e-02 -2.73847568e-03  9.43527316e+03 -4.18767975e-06 -1.03649561e-06  9.43527316e+03  9.75636084e-01 -4.43164150e-07 
 9.54455479e+03 -9.24500407e-01 -1.96446223e-01  9.54455479e+03 -1.05861931e-02 -2.64533144e-03  9.54455479e+03 -4.00331496e-06 -9.77680868e-07  9.54455479e+03  9.75636084e-01 -4.38168893e-07 
 9.65510215e+03 -9.25216202e-01 -1.94214975e-01  9.65510215e+03 -1.03554690e-02 -2.55528118e-03  9.65510215e+03 -3.82697969e-06 -9.22146309e-07  9.65510215e+03  9.75636084e-01 -4.33231622e-07 
 9.76692990e+03 -9.25916236e-01 -1.92004990e-01  9.76692990e+03 -1.01295436e-02 -2.46822445e-03  9.76692990e+03 -3.65833013e-06 -8.69710873e-07  9.76692990e+03  9.75636084e-01 -4.28351882e-07 
 9.88005287e+03 -9.26600839e-01 -1.89816124e-01  9.88005287e+03 -9.90832752e-03 -2.38406392e-03  9.88005287e+03 -3.49703676e-06 -8.20203396e-07  9.88005287e+03  9.75636084e-01 -4.23528885e-07 
 9.99448605e+03 -9.27270339e-01 -1.87648231e-01  9.99448605e+03 -9.69173259e-03 -2.30270535e-03  9.99448605e+03 -3.34278385e-06 -7.73462072e-07  9.99448605e+03  9.75636084e-01 -4.18762178e-07 
 1.01102446e+04 -9.27925056e-01 -1.85501161e-01  1.01102446e+04 -9.47967179e-03 -2.22405746e-03  1.01102446e+04 -3.19526885e-06 -7.29333952e-07  1.01102446e+04  9.75636084e-01 -4.14050886e-07 
 1.02273439e+04 -9.28565301e-01 -1.83374767e-01  1.02273439e+04 -9.27205931e-03 -2.14803183e-03  1.02273439e+04 -3.05420192e-06 -6.87674464e-07  1.02273439e+04  9.75636084e-01 -4.09394493e-07 
 1.03457995e+04 -9.29191384e-01 -1.81268895e-01  1.03457995e+04 -9.06881053e-03 -2.07454286e-03  1.03457995e+04 -2.91930536e-06 -6.48346957e-07  1.03457995e+04  9.75636084e-01 -4.04792464e-07 
 1.04656271e+04 -9.29803605e-01 -1.79183393e-01  1.04656271e+04 -8.86984206e-03 -2.00350764e-03  1.04656271e+04 -2.79031317e-06 -6.11222274e-07  1.04656271e+04  9.75636084e-01 -4.00244175e-07 
 1.05868426e+04 -9.30402258e-01 -1.77118106e-01  1.05868426e+04 -8.67507169e-03 -1.93484589e-03  1.05868426e+04 -2.66697054e-06 -5.76178345e-07  1.05868426e+04  9.75636084e-01 -3.95748844e-07 
 1.07094619e+04 -9.30987634e-01 -1.75072880e-01  1.07094619e+04 -8.48441842e-03 -1.86847990e-03  1.07094619e+04 -2.54903343e-06 -5.43099803e-07  1.07094619e+04  9.75636084e-01 -3.91306032e-07 
 1.08335016e+04 -9.31560016e-01 -1.73047557e-01  1.08335016e+04 -8.29780249e-03 -1.80433441e-03  1.08335016e+04 -2.43626810e-06 -5.11877619e-07  1.08335016e+04  9.75636084e-01 -3.86915107e-07 
 1.09589778e+04 -9.32119682e-01 -1.71041979e-01  1.09589778e+04 -8.11514532e-03 -1.74233657e-03  1.09589778e+04 -2.32845070e-06 -4.82408755e-07  1.09589778e+04  9.75636084e-01 -3.82575545e-07 
 1.10859074e+04 -9.32666905e-01 -1.69055988e-01  1.10859074e+04 -7.93636955e-03 -1.68241584e-03  1.10859074e+04 -2.22536689e-06 -4.54595845e-07  1.10859074e+04  9.75636084e-01 -3.78286576e-07 
 1.12143070e+04 -9.33201950e-01 -1.67089423e-01  1.12143070e+04 -7.76139903e-03 -1.62450396e-03  1.12143070e+04 -2.12681142e-06 -4.28346877e-07  1.12143070e+04  9.75636084e-01 -3.74047918e-07 
 1.13441939e+04 -9.33725080e-01 -1.65142125e-01  1.13441939e+04 -7.59015880e-03 -1.56853483e-03  1.13441939e+04 -2.03258776e-06 -4.03574909e-07  1.13441939e+04  9.75636084e-01 -3.69858776e-07 
 1.14755851e+04 -9.34236551e-01 -1.63213933e-01  1.14755851e+04 -7.42257511e-03 -1.51444449e-03  1.14755851e+04 -1.94250775e-06 -3.80197789e-07  1.14755851e+04  9.75636084e-01 -3.65718692e-07 
 1.16084981e+04 -9.34736613e-01 -1.61304684e-01  1.16084981e+04 -7.25857539e-03 -1.46217101e-03  1.16084981e+04 -1.85639126e-06 -3.58137893e-07  1.16084981e+04  9.75636084e-01 -3.61627171e-07 
 1.17429506e+04 -9.35225514e-01 -1.59414217e-01  1.17429506e+04 -7.09808826e-03 -1.41165447e-03  1.17429506e+04 -1.77406584e-06 -3.37321881e-07  1.17429506e+04  9.75636084e-01 -3.57583565e-07 
 1.18789603e+04 -9.35703492e-01 -1.57542368e-01  1.18789603e+04 -6.94104353e-03 -1.36283688e-03  1.18789603e+04 -1.69536642e-06 -3.17680457e-07  1.18789603e+04  9.75636084e-01 -3.53587326e-07 
 1.20165453e+04 -9.36170785e-01 -1.55688975e-01  1.20165453e+04 -6.78737216e-03 -1.31566210e-03  1.20165453e+04 -1.62013499e-06 -2.99148155e-07  1.20165453e+04  9.75636084e-01 -3.49638130e-07 
 1.21557239e+04 -9.36627623e-01 -1.53853874e-01  1.21557239e+04 -6.63700630e-03 -1.27007581e-03  1.21557239e+04 -1.54822031e-06 -2.81663125e-07  1.21557239e+04  9.75636084e-01 -3.45735172e-07 
 1.22965144e+04 -9.37074233e-01 -1.52036901e-01  1.22965144e+04 -6.48987922e-03 -1.22602546e-03  1.22965144e+04 -1.47947764e-06 -2.65166935e-07  1.22965144e+04  9.75636084e-01 -3.41878105e-07 
 1.24389357e+04 -9.37510836e-01 -1.50237892e-01  1.24389357e+04 -6.34592536e-03 -1.18346019e-03  1.24389357e+04 -1.41376842e-06 -2.49604385e-07  1.24389357e+04  9.75636084e-01 -3.38066319e-07 
 1.25830065e+04 -9.37937650e-01 -1.48456684e-01  1.25830065e+04 -6.20508029e-03 -1.14233078e-03  1.25830065e+04 -1.35096011e-06 -2.34923331e-07  1.25830065e+04  9.75636084e-01 -3.34299434e-07 
 1.27287459e+04 -9.38354887e-01 -1.46693112e-01  1.27287459e+04 -6.06728070e-03 -1.10258961e-03  1.27287459e+04 -1.29092581e-06 -2.21074514e-07  1.27287459e+04  9.75636084e-01 -3.30576820e-07 
 1.28761733e+04 -9.38762754e-01 -1.44947012e-01  1.28761733e+04 -5.93246439e-03 -1.06419061e-03  1.28761733e+04 -1.23354414e-06 -2.08011404e-07  1.28761733e+04  9.75636084e-01 -3.26898140e-07 
 1.30253083e+04 -9.39161457e-01 -1.43218221e-01  1.30253083e+04 -5.80057028e-03 -1.02708921e-03  1.30253083e+04 -1.17869892e-06 -1.95690050e-07  1.30253083e+04  9.75636084e-01 -3.23262803e-07 
 1.31761706e+04 -9.39551194e-01 -1.41506574e-01  1.31761706e+04 -5.67153835e-03 -9.91242285e-04  1.31761706e+04 -1.12627901e-06 -1.84068939e-07  1.31761706e+04  9.75636084e-01 -3.19670240e-07 
 1.33287803e+04 -9.39932161e-01 -1.39811907e-01  1.33287803e+04 -5.54530969e-03 -9.56608113e-04  1.33287803e+04 -1.07617807e-06 -1.73108858e-07  1.33287803e+04  9.75636084e-01 -3.16120176e-07 
 1.34831574e+04 -9.40304550e-01 -1.38134056e-01  1.34831574e+04 -5.42182644e-03 -9.23146337e-04  1.34831574e+04 -1.02829435e-06 -1.62772772e-07  1.34831574e+04  9.75636084e-01 -3.12611940e-07 
 1.36393227e+04 -9.40668547e-01 -1.36472859e-01  1.36393227e+04 -5.30103180e-03 -8.90817914e-04  1.36393227e+04 -9.82530523e-07 -1.53025703e-07  1.36393227e+04  9.75636084e-01 -3.09145115e-07 
 1.37972966e+04 -9.41024335e-01 -1.34828152e-01  1.37972966e+04 -5.18287001e-03 -8.59585080e-04  1.37972966e+04 -9.38793461e-07 -1.43834615e-07  1.37972966e+04  9.75636084e-01 -3.05719408e-07 
 1.39571003e+04 -9.41372095e-01 -1.33199773e-01  1.39571003e+04 -5.06728634e-03 -8.29411302e-04  1.39571003e+04 -8.96994093e-07 -1.35168309e-07  1.39571003e+04  9.75636084e-01 -3.02334141e-07 
 1.41187548e+04 -9.41712002e-01 -1.31587558e-01  1.41187548e+04 -4.95422707e-03 -8.00261246e-04  1.41187548e+04 -8.57047210e-07 -1.26997319e-07  1.41187548e+04  9.75636084e-01 -2.98989077e-07 
 1.42822817e+04 -9.42044228e-01 -1.29991346e-01  1.42822817e+04 -4.84363950e-03 -7.72100733e-04  1.42822817e+04 -8.18871305e-07 -1.19293820e-07  1.42822817e+04  9.75636084e-01 -2.95683641e-07 
 1.44477025e+04 -9.42368941e-01 -1.28410975e-01  1.44477025e+04 -4.73547191e-03 -7.44896707e-04  1.44477025e+04 -7.82388420e-07 -1.12031535e-07  1.44477025e+04  9.75636084e-01 -2.92417357e-07 
 1.46150394e+04 -9.42686307e-01 -1.26846285e-01  1.46150394e+04 -4.62967355e-03 -7.18617197e-04  1.46150394e+04 -7.47523987e-07 -1.05185651e-07  1.46150394e+04  9.75636084e-01 -2.89189891e-07 
 1.47843143e+04 -9.42996486e-01 -1.25297113e-01  1.47843143e+04 -4.52619464e-03 -6.93231280e-04  1.47843143e+04 -7.14206689e-07 -9.87327356e-08  1.47843143e+04  9.75636084e-01 -2.86000708e-07 
 1.49555498e+04 -9.43299636e-01 -1.23763300e-01  1.49555498e+04 -4.42498634e-03 -6.68709051e-04  1.49555498e+04 -6.82368319e-07 -9.26506632e-08  1.49555498e+04  9.75636084e-01 -2.82849560e-07 
 1.51287687e+04 -9.43595912e-01 -1.22244687e-01  1.51287687e+04 -4.32600077e-03 -6.45021590e-04  1.51287687e+04 -6.51943643e-07 -8.69185420e-08  1.51287687e+04  9.75636084e-01 -2.79735815e-07 
 1.53039938e+04 -9.43885464e-01 -1.20741114e-01  1.53039938e+04 -4.22919094e-03 -6.22140929e-04  1.53039938e+04 -6.22870280e-07 -8.15166455e-08  1.53039938e+04  9.75636084e-01 -2.76659190e-07 
 1.54812483e+04 -9.44168442e-01 -1.19252423e-01  1.54812483e+04 -4.13451080e-03 -6.00040019e-04  1.54812483e+04 -5.95088570e-07 -7.64263480e-08  1.54812483e+04  9.75636084e-01 -2.73619390e-07 
 1.56605559e+04 -9.44444990e-01 -1.17778457e-01  1.56605559e+04 -4.04191518e-03 -5.78692707e-04  1.56605559e+04 -5.68541465e-07 -7.16300639e-08  1.56605559e+04  9.75636084e-01 -2.70615749e-07 
 1.58419403e+04 -9.44715248e-01 -1.16319057e-01  1.58419403e+04 -3.95135978e-03 -5.58073701e-04  1.58419403e+04 -5.43174413e-07 -6.71111898e-08  1.58419403e+04  9.75636084e-01 -2.67648014e-07 
 1.60254255e+04 -9.44979357e-01 -1.14874067e-01  1.60254255e+04 -3.86280118e-03 -5.38158545e-04  1.60254255e+04 -5.18935250e-07 -6.28540502e-08  1.60254255e+04  9.75636084e-01 -2.64715782e-07 
 1.62110359e+04 -9.45237452e-01 -1.13443332e-01  1.62110359e+04 -3.77619683e-03 -5.18923591e-04  1.62110359e+04 -4.95774096e-07 -5.88438460e-08  1.62110359e+04  9.75636084e-01 -2.61818640e-07 
 1.63987961e+04 -9.45489665e-01 -1.12026697e-01  1.63987961e+04 -3.69150499e-03 -5.00345974e-04  1.63987961e+04 -4.73643261e-07 -5.50666059e-08  1.63987961e+04  9.75636084e-01 -2.58956104e-07 
 1.65887310e+04 -9.45736126e-01 -1.10624007e-01  1.65887310e+04 -3.60868477e-03 -4.82403585e-04  1.65887310e+04 -4.52497145e-07 -5.15091405e-08  1.65887310e+04  9.75636084e-01 -2.56128007e-07 
 1.67808657e+04 -9.45976963e-01 -1.09235108e-01  1.67808657e+04 -3.52769607e-03 -4.65075048e-04  1.67808657e+04 -4.32292150e-07 -4.81589988e-08  1.67808657e+04  9.75636084e-01 -2.53333923e-07 
 1.69752258e+04 -9.46212299e-01 -1.07859848e-01  1.69752258e+04 -3.44849963e-03 -4.48339695e-04  1.69752258e+04 -4.12986593e-07 -4.50044270e-08  1.69752258e+04  9.75636084e-01 -2.50573479e-07 
 1.71718370e+04 -9.46442257e-01 -1.06498074e-01  1.71718370e+04 -3.37105693e-03 -4.32177544e-04  1.71718370e+04 -3.94540622e-07 -4.20343304e-08  1.71718370e+04  9.75636084e-01 -2.47846285e-07 
 1.73707254e+04 -9.46666956e-01 -1.05149635e-01  1.73707254e+04 -3.29533027e-03 -4.16569276e-04  1.73707254e+04 -3.76916139e-07 -3.92382358e-08  1.73707254e+04  9.75636084e-01 -2.45151857e-07 
 1.75719174e+04 -9.46886511e-01 -1.03814381e-01  1.75719174e+04 -3.22128267e-03 -4.01496212e-04  1.75719174e+04 -3.60076721e-07 -3.66062579e-08  1.75719174e+04  9.75636084e-01 -2.42489921e-07 
 1.77754396e+04 -9.47101037e-01 -1.02492162e-01  1.77754396e+04 -3.14887792e-03 -3.86940297e-04  1.77754396e+04 -3.43987548e-07 -3.41290658e-08  1.77754396e+04  9.75636084e-01 -2.39860074e-07 
 1.79813191e+04 -9.47310646e-01 -1.01182828e-01  1.79813191e+04 -3.07808054e-03 -3.72884073e-04  1.79813191e+04 -3.28615335e-07 -3.17978527e-08  1.79813191e+04  9.75636084e-01 -2.37262208e-07 
 1.81895831e+04 -9.47515445e-01 -9.98862329e-02  1.81895831e+04 -3.00885577e-03 -3.59310664e-04  1.81895831e+04 -3.13928260e-07 -2.96043061e-08  1.81895831e+04  9.75636084e-01 -2.34695656e-07 
 1.84002593e+04 -9.47715543e-01 -9.86022281e-02  1.84002593e+04 -2.94116957e-03 -3.46203757e-04  1.84002593e+04 -2.99895909e-07 -2.75405812e-08  1.84002593e+04  9.75636084e-01 -2.32160376e-07 
 1.86133756e+04 -9.47911043e-01 -9.73306675e-02  1.86133756e+04 -2.87498858e-03 -3.33547580e-04  1.86133756e+04 -2.86489205e-07 -2.55992737e-08  1.86133756e+04  9.75636084e-01 -2.29655699e-07 
 1.88289602e+04 -9.48102047e-01 -9.60714057e-02  1.88289602e+04 -2.81028015e-03 -3.21326887e-04  1.88289602e+04 -2.73680357e-07 -2.37733961e-08  1.88289602e+04  9.75636084e-01 -2.27181772e-07 
 1.90470418e+04 -9.48288655e-01 -9.48242978e-02  1.90470418e+04 -2.74701226e-03 -3.09526943e-04  1.90470418e+04 -2.61442799e-07 -2.20563542e-08  1.90470418e+04  9.75636084e-01 -2.24737659e-07 
 1.92676493e+04 -9.48470964e-01 -9.35892002e-02  1.92676493e+04 -2.68515360e-03 -2.98133502e-04  1.92676493e+04 -2.49751140e-07 -2.04419249e-08  1.92676493e+04  9.75636084e-01 -2.22323538e-07 
 1.94908119e+04 -9.48649071e-01 -9.23659697e-02  1.94908119e+04 -2.62467347e-03 -2.87132792e-04  1.94908119e+04 -2.38581108e-07 -1.89242358e-08  1.94908119e+04  9.75636084e-01 -2.19938926e-07 
 1.97165593e+04 -9.48823069e-01 -9.11544645e-02  1.97165593e+04 -2.56554183e-03 -2.76511505e-04  1.97165593e+04 -2.27909507e-07 -1.74977455e-08  1.97165593e+04  9.75636084e-01 -2.17583342e-07 
 1.99449213e+04 -9.48993048e-01 -8.99545431e-02  1.99449213e+04 -2.50772924e-03 -2.66256775e-04  1.99449213e+04 -2.17714166e-07 -1.61572249e-08  1.99449213e+04  9.75636084e-01 -2.15256691e-07 
 2.01759282e+04 -9.49159099e-01 -8.87660654e-02  2.01759282e+04 -2.45120691e-03 -2.56356166e-04  2.01759282e+04 -2.07973894e-07 -1.48977403e-08  2.01759282e+04  9.75636084e-01 -2.12958390e-07 
 2.04096107e+04 -9.49321308e-01 -8.75888918e-02  2.04096107e+04 -2.39594660e-03 -2.46797658e-04  2.04096107e+04 -1.98668438e-07 -1.37146362e-08  2.04096107e+04  9.75636084e-01 -2.10688516e-07 
 2.06459998e+04 -9.49479762e-01 -8.64228838e-02  2.06459998e+04 -2.34192072e-03 -2.37569635e-04  2.06459998e+04 -1.89778443e-07 -1.26035203e-08  2.06459998e+04  9.75636084e-01 -2.08446661e-07 
 2.08851268e+04 -9.49634543e-01 -8.52679037e-02  2.08851268e+04 -2.28910221e-03 -2.28660866e-04  2.08851268e+04 -1.81285409e-07 -1.15602483e-08  2.08851268e+04  9.75636084e-01 -2.06232189e-07 
 2.11270235e+04 -9.49785733e-01 -8.41238147e-02  2.11270235e+04 -2.23746459e-03 -2.20060500e-04  2.11270235e+04 -1.73171658e-07 -1.05809103e-08  2.11270235e+04  9.75636084e-01 -2.04045385e-07 
 2.13717218e+04 -9.49933413e-01 -8.29904810e-02  2.13717218e+04 -2.18698197e-03 -2.11758048e-04  2.13717218e+04 -1.65420293e-07 -9.66181784e-09  2.13717218e+04  9.75636084e-01 -2.01885526e-07 
 2.16192543e+04 -9.50077660e-01 -8.18677674e-02  2.16192543e+04 -2.13762895e-03 -2.03743372e-04  2.16192543e+04 -1.58015170e-07 -8.79949096e-09  2.16192543e+04  9.75636084e-01 -1.99752284e-07 
 2.18696538e+04 -9.50218550e-01 -8.07555399e-02  2.18696538e+04 -2.08938072e-03 -1.96006674e-04  2.18696538e+04 -1.50940857e-07 -7.99064696e-09  2.18696538e+04  9.75636084e-01 -1.97645715e-07 
 2.21229534e+04 -9.50356159e-01 -7.96536652e-02  2.21229534e+04 -2.04221296e-03 -1.88538485e-04  2.21229534e+04 -1.44182609e-07 -7.23218918e-09  2.21229534e+04  9.75636084e-01 -1.95565216e-07 
 2.23791869e+04 -9.50490560e-01 -7.85620109e-02  2.23791869e+04 -1.99610189e-03 -1.81329655e-04  2.23791869e+04 -1.37726335e-07 -6.52119658e-09  2.23791869e+04  9.75636084e-01 -1.93510794e-07 
 2.26383881e+04 -9.50621824e-01 -7.74804454e-02  2.26383881e+04 -1.95102421e-03 -1.74371339e-04  2.26383881e+04 -1.31558570e-07 -5.85491386e-09  2.26383881e+04  9.75636084e-01 -1.91482017e-07 
 2.29005914e+04 -9.50750020e-01 -7.64088383e-02  2.29005914e+04 -1.90695713e-03 -1.67654990e-04  2.29005914e+04 -1.25666445e-07 -5.23074218e-09  2.29005914e+04  9.75636084e-01 -1.89478508e-07 
 2.31658317e+04 -9.50875218e-01 -7.53470598e-02  2.31658317e+04 -1.86387835e-03 -1.61172348e-04  2.31658317e+04 -1.20037665e-07 -4.64623035e-09  2.31658317e+04  9.75636084e-01 -1.87500172e-07 
 2.34341440e+04 -9.50997483e-01 -7.42949809e-02  2.34341440e+04 -1.82176604e-03 -1.54915432e-04  2.34341440e+04 -1.14660481e-07 -4.09906657e-09  2.34341440e+04  9.75636084e-01 -1.85546662e-07 
 2.37055639e+04 -9.51116881e-01 -7.32524737e-02  2.37055639e+04 -1.78059884e-03 -1.48876528e-04  2.37055639e+04 -1.09523665e-07 -3.58707055e-09  2.37055639e+04  9.75636084e-01 -1.83617979e-07 
 2.39801276e+04 -9.51233476e-01 -7.22194110e-02  2.39801276e+04 -1.74035585e-03 -1.43048180e-04  2.39801276e+04 -1.04616490e-07 -3.10818611e-09  2.39801276e+04  9.75636084e-01 -1.81713426e-07 
 2.42578712e+04 -9.51347331e-01 -7.11956666e-02  2.42578712e+04 -1.70101659e-03 -1.37423187e-04  2.42578712e+04 -9.99287033e-08 -2.66047425e-09  2.42578712e+04  9.75636084e-01 -1.79832973e-07 
 2.45388318e+04 -9.51458505e-01 -7.01811151e-02  2.45388318e+04 -1.66256107e-03 -1.31994586e-04  2.45388318e+04 -9.54505116e-08 -2.24210651e-09  2.45388318e+04  9.75636084e-01 -1.77976454e-07 
 2.48230466e+04 -9.51567059e-01 -6.91756318e-02  2.48230466e+04 -1.62496969e-03 -1.26755651e-04  2.48230466e+04 -9.11725553e-08 -1.85135873e-09  2.48230466e+04  9.75636084e-01 -1.76143653e-07 
 2.51105531e+04 -9.51673051e-01 -6.81790931e-02  2.51105531e+04 -1.58822329e-03 -1.21699882e-04  2.51105531e+04 -8.70858920e-08 -1.48660521e-09  2.51105531e+04  9.75636084e-01 -1.74334007e-07 
 2.54013897e+04 -9.51776537e-01 -6.71913760e-02  2.54013897e+04 -1.55230312e-03 -1.16820999e-04  2.54013897e+04 -8.31819774e-08 -1.14631314e-09  2.54013897e+04  9.75636084e-01 -1.72547456e-07 
 2.56955948e+04 -9.51877574e-01 -6.62123585e-02  2.56955948e+04 -1.51719083e-03 -1.12112931e-04  2.56955948e+04 -7.94526475e-08 -8.29037373e-10  2.56955948e+04  9.75636084e-01 -1.70783881e-07 
 2.59932074e+04 -9.51976216e-01 -6.52419195e-02  2.59932074e+04 -1.48286847e-03 -1.07569814e-04  2.59932074e+04 -7.58901023e-08 -5.33415460e-10  2.59932074e+04  9.75636084e-01 -1.69042929e-07 
 2.62942671e+04 -9.52072515e-01 -6.42799385e-02  2.62942671e+04 -1.44931848e-03 -1.03185982e-04  2.62942671e+04 -7.24868888e-08 -2.58162992e-10  2.62942671e+04  9.75636084e-01 -1.67324342e-07 
 2.65988137e+04 -9.52166525e-01 -6.33262960e-02  2.65988137e+04 -1.41652368e-03 -9.89559579e-05  2.65988137e+04 -6.92358866e-08 -2.06919209e-12  2.65988137e+04  9.75636084e-01 -1.65628159e-07 
 2.69068877e+04 -9.52258295e-01 -6.23808732e-02  2.69068877e+04 -1.38446727e-03 -9.48744521e-05  2.69068877e+04 -6.61302924e-08  2.36007248e-10  2.69068877e+04  9.75636084e-01 -1.63953636e-07 
 2.72185298e+04 -9.52347874e-01 -6.14435521e-02  2.72185298e+04 -1.35313279e-03 -9.09363519e-05  2.72185298e+04 -6.31636061e-08  4.57142095e-10  2.72185298e+04  9.75636084e-01 -1.62301232e-07 
 2.75337815e+04 -9.52435313e-01 -6.05142157e-02  2.75337815e+04 -1.32250417e-03 -8.71367178e-05  2.75337815e+04 -6.03296177e-08  6.62349281e-10  2.75337815e+04  9.75636084e-01 -1.60669990e-07 
 2.78526844e+04 -9.52520657e-01 -5.95927476e-02  2.78526844e+04 -1.29256568e-03 -8.34707772e-05  2.78526844e+04 -5.76223940e-08  8.52584403e-10  2.78526844e+04  9.75636084e-01 -1.59060286e-07 
 2.81752810e+04 -9.52603953e-01 -5.86790322e-02  2.81752810e+04 -1.26330191e-03 -7.99339186e-05  2.81752810e+04 -5.50362665e-08  1.02874803e-09  2.81752810e+04  9.75636084e-01 -1.57471463e-07 
 2.85016140e+04 -9.52685246e-01 -5.77729547e-02  2.85016140e+04 -1.23469783e-03 -7.65216865e-05  2.85016140e+04 -5.25658196e-08  1.19168881e-09  2.85016140e+04  9.75636084e-01 -1.55903807e-07 
 2.88317266e+04 -9.52764580e-01 -5.68744012e-02  2.88317266e+04 -1.20673869e-03 -7.32297761e-05  2.88317266e+04 -5.02058793e-08  1.34220643e-09  2.88317266e+04  9.75636084e-01 -1.54356558e-07 
 2.91656627e+04 -9.52841998e-01 -5.59832584e-02  2.91656627e+04 -1.17941009e-03 -7.00540280e-05  2.91656627e+04 -4.79515026e-08  1.48105438e-09  2.91656627e+04  9.75636084e-01 -1.52829757e-07 
 2.95034666e+04 -9.52917543e-01 -5.50994138e-02  2.95034666e+04 -1.15269795e-03 -6.69904237e-05  2.95034666e+04 -4.57979672e-08  1.60894257e-09  2.95034666e+04  9.75636084e-01 -1.51323532e-07 
 2.98451829e+04 -9.52991255e-01 -5.42227556e-02  2.98451829e+04 -1.12658848e-03 -6.40350806e-05  2.98451829e+04 -4.37407616e-08  1.72653984e-09  2.98451829e+04  9.75636084e-01 -1.49837253e-07 
 3.01908571e+04 -9.53063174e-01 -5.33531730e-02  3.01908571e+04 -1.10106821e-03 -6.11842475e-05  3.01908571e+04 -4.17755756e-08  1.83447624e-09  3.01908571e+04  9.75636084e-01 -1.48370734e-07 
 3.05405350e+04 -9.53133340e-01 -5.24905557e-02  3.05405350e+04 -1.07612396e-03 -5.84343004e-05  3.05405350e+04 -3.98982916e-08  1.93334526e-09  3.05405350e+04  9.75636084e-01 -1.46923892e-07 
 3.08942629e+04 -9.53201791e-01 -5.16347940e-02  3.08942629e+04 -1.05174282e-03 -5.57817377e-05  3.08942629e+04 -3.81049762e-08  2.02370594e-09  3.08942629e+04  9.75636084e-01 -1.45496416e-07 
 3.12520878e+04 -9.53268564e-01 -5.07857794e-02  3.12520878e+04 -1.02791219e-03 -5.32231767e-05  3.12520878e+04 -3.63918712e-08  2.10608478e-09  3.12520878e+04  9.75636084e-01 -1.44088442e-07 
 3.16140571e+04 -9.53333696e-01 -4.99434035e-02  3.16140571e+04 -1.00461974e-03 -5.07553491e-05  3.16140571e+04 -3.47553868e-08  2.18097761e-09  3.16140571e+04  9.75636084e-01 -1.42699703e-07 
 3.19802188e+04 -9.53397222e-01 -4.91075592e-02  3.19802188e+04 -9.81853404e-04 -4.83750976e-05  3.19802188e+04 -3.31920933e-08  2.24885136e-09  3.19802188e+04  9.75636084e-01 -1.41329696e-07 
 3.23506215e+04 -9.53459177e-01 -4.82781397e-02  3.23506215e+04 -9.59601391e-04 -4.60793718e-05  3.23506215e+04 -3.16987145e-08  2.31014570e-09  3.23506215e+04  9.75636084e-01 -1.39978486e-07 
 3.27253143e+04 -9.53519594e-01 -4.74550389e-02  3.27253143e+04 -9.37852164e-04 -4.38652247e-05  3.27253143e+04 -3.02721205e-08  2.36527455e-09  3.27253143e+04  9.75636084e-01 -1.38645716e-07 
 3.31043469e+04 -9.53578508e-01 -4.66381516e-02  3.31043469e+04 -9.16594444e-04 -4.17298093e-05  3.31043469e+04 -2.89093214e-08  2.41462762e-09  3.31043469e+04  9.75636084e-01 -1.37331287e-07 
 3.34877695e+04 -9.53635950e-01 -4.58273732e-02  3.34877695e+04 -8.95817198e-04 -3.96703753e-05  3.34877695e+04 -2.76074609e-08  2.45857175e-09  3.34877695e+04  9.75636084e-01 -1.36035124e-07 
 3.38756330e+04 -9.53691951e-01 -4.50225997e-02  3.38756330e+04 -8.75509639e-04 -3.76842654e-05  3.38756330e+04 -2.63638107e-08  2.49745224e-09  3.38756330e+04  9.75636084e-01 -1.34757344e-07 
 3.42679888e+04 -9.53746542e-01 -4.42237276e-02  3.42679888e+04 -8.55661218e-04 -3.57689129e-05  3.42679888e+04 -2.51757641e-08  2.53159405e-09  3.42679888e+04  9.75636084e-01 -1.33497124e-07 
 3.46648890e+04 -9.53799754e-01 -4.34306544e-02  3.46648890e+04 -8.36261621e-04 -3.39218378e-05  3.46648890e+04 -2.40408312e-08  2.56130300e-09  3.46648890e+04  9.75636084e-01 -1.32254653e-07 
 3.50663862e+04 -9.53851615e-01 -4.26432781e-02  3.50663862e+04 -8.17300759e-04 -3.21406447e-05  3.50663862e+04 -2.29566336e-08  2.58686686e-09  3.50663862e+04  9.75636084e-01 -1.31029746e-07 
 3.54725337e+04 -9.53902155e-01 -4.18614971e-02  3.54725337e+04 -7.98768769e-04 -3.04230194e-05  3.54725337e+04 -2.19208990e-08  2.60855635e-09  3.54725337e+04  9.75636084e-01 -1.29822249e-07 
 3.58833852e+04 -9.53951400e-01 -4.10852107e-02  3.58833852e+04 -7.80656007e-04 -2.87667260e-05  3.58833852e+04 -2.09314571e-08  2.62662619e-09  3.58833852e+04  9.75636084e-01 -1.28631937e-07 
 3.62989953e+04 -9.53999378e-01 -4.03143187e-02  3.62989953e+04 -7.62953041e-04 -2.71696051e-05  3.62989953e+04 -1.99862345e-08  2.64131592e-09  3.62989953e+04  9.75636084e-01 -1.27458657e-07 
 3.67194192e+04 -9.54046115e-01 -3.95487216e-02  3.67194192e+04 -7.45650650e-04 -2.56295703e-05  3.67194192e+04 -1.90832506e-08  2.65285089e-09  3.67194192e+04  9.75636084e-01 -1.26302220e-07 
 3.71447124e+04 -9.54091637e-01 -3.87883203e-02  3.71447124e+04 -7.28739818e-04 -2.41446063e-05  3.71447124e+04 -1.82206134e-08  2.66144296e-09  3.71447124e+04  9.75636084e-01 -1.25162545e-07 
 3.75749315e+04 -9.54135969e-01 -3.80330164e-02  3.75749315e+04 -7.12211729e-04 -2.27127660e-05  3.75749315e+04 -1.73965157e-08  2.66729137e-09  3.75749315e+04  9.75636084e-01 -1.24039542e-07 
 3.80101336e+04 -9.54179135e-01 -3.72827122e-02  3.80101336e+04 -6.96057761e-04 -2.13321690e-05  3.80101336e+04 -1.66092312e-08  2.67058341e-09  3.80101336e+04  9.75636084e-01 -1.22933003e-07 
 3.84503762e+04 -9.54221160e-01 -3.65373102e-02  3.84503762e+04 -6.80269487e-04 -2.00009983e-05  3.84503762e+04 -1.58571107e-08  2.67149513e-09  3.84503762e+04  9.75636084e-01 -1.21842736e-07 
 3.88957178e+04 -9.54262066e-01 -3.57967139e-02  3.88957178e+04 -6.64838665e-04 -1.87174990e-05  3.88957178e+04 -1.51385790e-08  2.67019200e-09  3.88957178e+04  9.75636084e-01 -1.20768703e-07 
 3.93462175e+04 -9.54301876e-01 -3.50608271e-02  3.93462175e+04 -6.49757239e-04 -1.74799759e-05  3.93462175e+04 -1.44521313e-08  2.66682949e-09  3.93462175e+04  9.75636084e-01 -1.19710649e-07 
 3.98019350e+04 -9.54340612e-01 -3.43295541e-02  3.98019350e+04 -6.35017331e-04 -1.62867914e-05  3.98019350e+04 -1.37963303e-08  2.66155367e-09  3.98019350e+04  9.75636084e-01 -1.18668484e-07 
 4.02629307e+04 -9.54378295e-01 -3.36027999e-02  4.02629307e+04 -6.20611239e-04 -1.51363635e-05  4.02629307e+04 -1.31698029e-08  2.65450177e-09  4.02629307e+04  9.75636084e-01 -1.17641912e-07 
 4.07292658e+04 -9.54414947e-01 -3.28804698e-02  4.07292658e+04 -6.06531432e-04 -1.40271642e-05  4.07292658e+04 -1.25712376e-08  2.64580266e-09  4.07292658e+04  9.75636084e-01 -1.16630557e-07 
 4.12010021e+04 -9.54450587e-01 -3.21624699e-02  4.12010021e+04 -5.92770548e-04 -1.29577174e-05  4.12010021e+04 -1.19993816e-08  2.63557733e-09  4.12010021e+04  9.75636084e-01 -1.15635631e-07 
 4.16782022e+04 -9.54485235e-01 -3.14487065e-02  4.16782022e+04 -5.79321389e-04 -1.19265973e-05  4.16782022e+04 -1.14530382e-08  2.62393941e-09  4.16782022e+04  9.75636084e-01 -1.14655455e-07 
 4.21609293e+04 -9.54518910e-01 -3.07390865e-02  4.21609293e+04 -5.66176919e-04 -1.09324265e-05  4.21609293e+04 -1.09310642e-08  2.61099552e-09  4.21609293e+04  9.75636084e-01 -1.13690704e-07 
 4.26492475e+04 -9.54551632e-01 -3.00335175e-02  4.26492475e+04 -5.53330256e-04 -9.97387474e-06  4.26492475e+04 -1.04323678e-08  2.59684572e-09  4.26492475e+04  9.75636084e-01 -1.12740694e-07 
 4.31432214e+04 -9.54583417e-01 -2.93319072e-02  4.31432214e+04 -5.40774674e-04 -9.04965678e-06  4.31432214e+04 -9.95590589e-09  2.58158388e-09  4.31432214e+04  9.75636084e-01 -1.11805554e-07 
 4.36429168e+04 -9.54614284e-01 -2.86341640e-02  4.36429168e+04 -5.28503599e-04 -8.15853127e-06  4.36429168e+04 -9.50068218e-09  2.56529807e-09  4.36429168e+04  9.75636084e-01 -1.10885834e-07 
 4.41483997e+04 -9.54644249e-01 -2.79401967e-02  4.41483997e+04 -5.16510601e-04 -7.29929909e-06  4.41483997e+04 -9.06574500e-09  2.54807085e-09  4.41483997e+04  9.75636084e-01 -1.09980582e-07 
 4.46597372e+04 -9.54673330e-01 -2.72499146e-02  4.46597372e+04 -5.04789395e-04 -6.47080195e-06  4.46597372e+04 -8.65018527e-09  2.52997961e-09  4.46597372e+04  9.75636084e-01 -1.09089767e-07 
 4.51769972e+04 -9.54701543e-01 -2.65632273e-02  4.51769972e+04 -4.93333838e-04 -5.67192101e-06  4.51769972e+04 -8.25313465e-09  2.51109691e-09  4.51769972e+04  9.75636084e-01 -1.08213370e-07 
 4.57002482e+04 -9.54728902e-01 -2.58800449e-02  4.57002482e+04 -4.82137921e-04 -4.90157552e-06  4.57002482e+04 -7.87376367e-09  2.49149071e-09  4.57002482e+04  9.75636084e-01 -1.07351505e-07 
 4.62295596e+04 -9.54755424e-01 -2.52002780e-02  4.62295596e+04 -4.71195775e-04 -4.15872152e-06  4.62295596e+04 -7.51128003e-09  2.47122466e-09  4.62295596e+04  9.75636084e-01 -1.06503765e-07 
 4.67650016e+04 -9.54781122e-01 -2.45238374e-02  4.67650016e+04 -4.60501657e-04 -3.44235061e-06  4.67650016e+04 -7.16492691e-09  2.45035837e-09  4.67650016e+04  9.75636084e-01 -1.05670361e-07 
 4.73066453e+04 -9.54806012e-01 -2.38506346e-02  4.73066453e+04 -4.50049957e-04 -2.75148873e-06  4.73066453e+04 -6.83398139e-09  2.42894763e-09  4.73066453e+04  9.75636084e-01 -1.04850956e-07 
 4.78545624e+04 -9.54830107e-01 -2.31805811e-02  4.78545624e+04 -4.39835188e-04 -2.08519498e-06  4.78545624e+04 -6.51775290e-09  2.40704462e-09  4.78545624e+04  9.75636084e-01 -1.04045028e-07 
 4.84088256e+04 -9.54853420e-01 -2.25135891e-02  4.84088256e+04 -4.29851988e-04 -1.44256049e-06  4.84088256e+04 -6.21558184e-09  2.38469818e-09  4.84088256e+04  9.75636084e-01 -1.03253268e-07 
 4.89695084e+04 -9.54875965e-01 -2.18495710e-02  4.89695084e+04 -4.20095113e-04 -8.22707332e-07  4.89695084e+04 -5.92683812e-09  2.36195392e-09  4.89695084e+04  9.75636084e-01 -1.02475124e-07 
 4.95366852e+04 -9.54897753e-01 -2.11884397e-02  4.95366852e+04 -4.10559439e-04 -2.24787479e-07  4.95366852e+04 -5.65091988e-09  2.33885451e-09  4.95366852e+04  9.75636084e-01 -1.01710446e-07 
 5.01104312e+04 -9.54918798e-01 -2.05301083e-02  5.01104312e+04 -4.01239956e-04  3.52018242e-07  5.01104312e+04 -5.38725219e-09  2.31543977e-09  5.01104312e+04  9.75636084e-01 -1.00959337e-07 
 5.06908224e+04 -9.54939110e-01 -1.98744902e-02  5.06908224e+04 -3.92131766e-04  9.08501116e-07  5.06908224e+04 -5.13528590e-09  2.29174689e-09  5.06908224e+04  9.75636084e-01 -1.00221748e-07 
 5.12779359e+04 -9.54958701e-01 -1.92214993e-02  5.12779359e+04 -3.83230083e-04  1.44542550e-06  5.12779359e+04 -4.89449642e-09  2.26781056e-09  5.12779359e+04  9.75636084e-01 -9.94970690e-08 
 5.18718495e+04 -9.54977582e-01 -1.85710498e-02  5.18718495e+04 -3.74530225e-04  1.96352975e-06  5.18718495e+04 -4.66438266e-09  2.24366315e-09  5.18718495e+04  9.75636084e-01 -9.87862783e-08 
 5.24726419e+04 -9.54995764e-01 -1.79230560e-02  5.24726419e+04 -3.66027619e-04  2.46352710e-06  5.24726419e+04 -4.44446595e-09  2.21933479e-09  5.24726419e+04  9.75636084e-01 -9.80879534e-08 
 5.30803928e+04 -9.55013256e-01 -1.72774328e-02  5.30803928e+04 -3.57717792e-04  2.94610651e-06  5.30803928e+04 -4.23428908e-09  2.19485359e-09  5.30803928e+04  9.75636084e-01 -9.74029745e-08 
 5.36951829e+04 -9.55030068e-01 -1.66340951e-02  5.36951829e+04 -3.49596373e-04  3.41193354e-06  5.36951829e+04 -4.03341527e-09  2.17024567e-09  5.36951829e+04  9.75636084e-01 -9.67307877e-08 
 5.43170936e+04 -9.55046210e-01 -1.59929584e-02  5.43170936e+04 -3.41659089e-04  3.86165109e-06  5.43170936e+04 -3.84142730e-09  2.14553535e-09  5.43170936e+04  9.75636084e-01 -9.60712940e-08 
 5.49462074e+04 -9.55061690e-01 -1.53539380e-02  5.49462074e+04 -3.33901762e-04  4.29588022e-06  5.49462074e+04 -3.65792663e-09  2.12074522e-09  5.49462074e+04  9.75636084e-01 -9.54246906e-08 
 5.55826078e+04 -9.55076518e-01 -1.47169500e-02  5.55826078e+04 -3.26320310e-04  4.71522091e-06  5.55826078e+04 -3.48253255e-09  2.09589625e-09  5.55826078e+04  9.75636084e-01 -9.47908000e-08 
 5.62263791e+04 -9.55090701e-01 -1.40819104e-02  5.62263791e+04 -3.18910742e-04  5.12025273e-06  5.62263791e+04 -3.31488138e-09  2.07100791e-09  5.62263791e+04  9.75636084e-01 -9.41696764e-08 
 5.68776067e+04 -9.55104248e-01 -1.34487355e-02  5.68776067e+04 -3.11669156e-04  5.51153558e-06  5.68776067e+04 -3.15462572e-09  2.04609822e-09  5.68776067e+04  9.75636083e-01 -9.35604212e-08 
 5.75363771e+04 -9.55117166e-01 -1.28173419e-02  5.75363771e+04 -3.04591737e-04  5.88961037e-06  5.75363771e+04 -3.00143369e-09  2.02118389e-09  5.75363771e+04  9.75636083e-01 -9.29638330e-08 
 5.82027774e+04 -9.55129462e-01 -1.21876464e-02  5.82027774e+04 -2.97674760e-04  6.25499962e-06  5.82027774e+04 -2.85498827e-09  1.99628034e-09  5.82027774e+04  9.75636083e-01 -9.23796866e-08 
 5.88768962e+04 -9.55141144e-01 -1.15595659e-02  5.88768962e+04 -2.90914579e-04  6.60820818e-06  5.88768962e+04 -2.71498661e-09  1.97140182e-09  5.88768962e+04  9.75636083e-01 -9.18078465e-08 
 5.95588228e+04 -9.55152217e-01 -1.09330177e-02  5.95588228e+04 -2.84307632e-04  6.94972374e-06  5.95588228e+04 -2.58113940e-09  1.94656150e-09  5.95588228e+04  9.75636083e-01 -9.12483569e-08 
 6.02486476e+04 -9.55162688e-01 -1.03079191e-02  6.02486476e+04 -2.77850438e-04  7.28001750e-06  6.02486476e+04 -2.45317025e-09  1.92177145e-09  6.02486476e+04  9.75636083e-01 -9.07005070e-08 
 6.09464621e+04 -9.55172563e-01 -9.68418766e-03  6.09464621e+04 -2.71539594e-04  7.59954470e-06  6.09464621e+04 -2.33081514e-09  1.89704282e-09  6.09464621e+04  9.75636083e-01 -9.01647096e-08 
 6.16523589e+04 -9.55181848e-01 -9.06174119e-03  6.16523589e+04 -2.65371773e-04  7.90874516e-06  6.16523589e+04 -2.21382184e-09  1.87238581e-09  6.16523589e+04  9.75636083e-01 -8.96410528e-08 
 6.23664316e+04 -9.55190547e-01 -8.44049754e-03  6.23664316e+04 -2.59343723e-04  8.20804383e-06  6.23664316e+04 -2.10194937e-09  1.84780977e-09  6.23664316e+04  9.75636083e-01 -8.91296415e-08 
 6.30887748e+04 -9.55198666e-01 -7.82037475e-03  6.30887748e+04 -2.53452266e-04  8.49785133e-06  6.30887748e+04 -1.99496754e-09  1.82332322e-09  6.30887748e+04  9.75636083e-01 -8.86294037e-08 
 6.38194844e+04 -9.55206208e-01 -7.20129102e-03  6.38194844e+04 -2.47694294e-04  8.77856436e-06  6.38194844e+04 -1.89265641e-09  1.79893397e-09  6.38194844e+04  9.75636083e-01 -8.81412430e-08 
 6.45586572e+04 -9.55213180e-01 -6.58316465e-03  6.45586572e+04 -2.42066771e-04  9.05056628e-06  6.45586572e+04 -1.79480587e-09  1.77464907e-09  6.45586572e+04  9.75636083e-01 -8.76647967e-08 
 6.53063913e+04 -9.55219584e-01 -5.96591408e-03  6.53063913e+04 -2.36566728e-04  9.31422750e-06  6.53063913e+04 -1.70121518e-09  1.75047493e-09  6.53063913e+04  9.75636083e-01 -8.71997963e-08 
 6.60627859e+04 -9.55225424e-01 -5.34945786e-03  6.60627859e+04 -2.31191264e-04  9.56990598e-06  6.60627859e+04 -1.61169255e-09  1.72641733e-09  6.60627859e+04  9.75636083e-01 -8.67464046e-08 
 6.68279412e+04 -9.55230703e-01 -4.73371464e-03  6.68279412e+04 -2.25937542e-04  9.81794760e-06  6.68279412e+04 -1.52605475e-09  1.70248147e-09  6.68279412e+04  9.75636083e-01 -8.63045278e-08 
 6.76019587e+04 -9.55235425e-01 -4.11860315e-03  6.76019587e+04 -2.20802790e-04  1.00586866e-05  6.76019587e+04 -1.44412672e-09  1.67867198e-09  6.76019587e+04  9.75636083e-01 -8.58744065e-08 
 6.83849411e+04 -9.55239592e-01 -3.50404222e-03  6.83849411e+04 -2.15784297e-04  1.02924461e-05  6.83849411e+04 -1.36574117e-09  1.65499300e-09  6.83849411e+04  9.75636083e-01 -8.54556708e-08 
 6.91769921e+04 -9.55243207e-01 -2.88995074e-03  6.91769921e+04 -2.10879416e-04  1.05195383e-05  6.91769921e+04 -1.29073829e-09  1.63144817e-09  6.91769921e+04  9.75636083e-01 -8.50479293e-08 
 6.99782169e+04 -9.55246272e-01 -2.27624766e-03  6.99782169e+04 -2.06085556e-04  1.07402649e-05  6.99782169e+04 -1.21896538e-09  1.60804070e-09  6.99782169e+04  9.75636083e-01 -8.46513562e-08 
 7.07887217e+04 -9.55248789e-01 -1.66285198e-03  7.07887217e+04 -2.01400187e-04  1.09549175e-05  7.07887217e+04 -1.15027651e-09  1.58477335e-09  7.07887217e+04  9.75636083e-01 -8.42662564e-08 
 7.16086139e+04 -9.55250759e-01 -1.04968274e-03  7.16086139e+04 -1.96820835e-04  1.11637782e-05  7.16086139e+04 -1.08453225e-09  1.56164850e-09  7.16086139e+04  9.75636083e-01 -8.38921162e-08 
 7.24380024e+04 -9.55252183e-01 -4.36659026e-04  7.24380024e+04 -1.92345082e-04  1.13671193e-05  7.24380024e+04 -1.02159939e-09  1.53866816e-09  7.24380024e+04  9.75636083e-01 -8.35297239e-08 
 7.32769970e+04 -9.55253063e-01  1.76300069e-04  7.32769970e+04 -1.87970563e-04  1.15652043e-05  7.32769970e+04 -9.61350598e-10  1.51583399e-09  7.32769970e+04  9.75636083e-01 -8.31771500e-08 
 7.41257090e+04 -9.55253399e-01  7.89275438e-04  7.41257090e+04 -1.83694969e-04  1.17582879e-05  7.41257090e+04 -9.03664217e-10  1.49314733e-09  7.41257090e+04  9.75636083e-01 -8.28369808e-08 
 7.49842511e+04 -9.55253191e-01  1.40234797e-03  7.49842511e+04 -1.79516040e-04  1.19466163e-05  7.49842511e+04 -8.48423981e-10  1.47060920e-09  7.49842511e+04  9.75636083e-01 -8.25071827e-08 
 7.58527370e+04 -9.55252440e-01  2.01559857e-03  7.58527370e+04 -1.75431570e-04  1.21304276e-05  7.58527370e+04 -7.95518773e-10  1.44822035e-09  7.58527370e+04  9.75636083e-01 -8.21883334e-08 
 7.67312819e+04 -9.55251146e-01  2.62910816e-03  7.67312819e+04 -1.71439401e-04  1.23099518e-05  7.67312819e+04 -7.44842402e-10  1.42598126e-09  7.67312819e+04  9.75636083e-01 -8.18801114e-08 
 7.76200023e+04 -9.55249307e-01  3.24295768e-03  7.76200023e+04 -1.67537422e-04  1.24854116e-05  7.76200023e+04 -6.96293373e-10  1.40389217e-09  7.76200023e+04  9.75636083e-01 -8.15834104e-08 
 7.85190161e+04 -9.55246923e-01  3.85722812e-03  7.85190161e+04 -1.63723572e-04  1.26570222e-05  7.85190161e+04 -6.49774679e-10  1.38195308e-09  7.85190161e+04  9.75636083e-01 -8.12973390e-08 
 7.94284425e+04 -9.55243993e-01  4.47200051e-03  7.94284425e+04 -1.59995836e-04  1.28249918e-05  7.94284425e+04 -6.05193599e-10  1.36016376e-09  7.94284425e+04  9.75636083e-01 -8.10213334e-08 
 8.03484021e+04 -9.55240516e-01  5.08735596e-03  8.03484021e+04 -1.56352244e-04  1.29895218e-05  8.03484021e+04 -5.62461502e-10  1.33852380e-09  8.03484021e+04  9.75636083e-01 -8.07567589e-08 
 8.12790169e+04 -9.55236489e-01  5.70337562e-03  8.12790169e+04 -1.52790868e-04  1.31508068e-05  8.12790169e+04 -5.21493665e-10  1.31703257e-09  8.12790169e+04  9.75636083e-01 -8.05028834e-08 
 8.22204103e+04 -9.55231911e-01  6.32014074e-03  8.22204103e+04 -1.49309828e-04  1.33090353e-05  8.22204103e+04 -4.82209095e-10  1.29568930e-09  8.22204103e+04  9.75636083e-01 -8.02600116e-08 
 8.31727071e+04 -9.55226780e-01  6.93773266e-03  8.31727071e+04 -1.45907282e-04  1.34643895e-05  8.31727071e+04 -4.44530362e-10  1.27449303e-09  8.31727071e+04  9.75636083e-01 -8.00264801e-08 
 8.41360337e+04 -9.55221092e-01  7.55623280e-03  8.41360337e+04 -1.42581433e-04  1.36170458e-05  8.41360337e+04 -4.08383436e-10  1.25344264e-09  8.41360337e+04  9.75636083e-01 -7.98043474e-08 
 8.51105178e+04 -9.55214846e-01  8.17572271e-03  8.51105178e+04 -1.39330520e-04  1.37671749e-05  8.51105178e+04 -3.73697534e-10  1.23253688e-09  8.51105178e+04  9.75636083e-01 -7.95928075e-08 
 8.60962886e+04 -9.55208038e-01  8.79628404e-03  8.60962886e+04 -1.36152826e-04  1.39149418e-05  8.60962886e+04 -3.40404975e-10  1.21177435e-09  8.60962886e+04  9.75636083e-01 -7.93923439e-08 
 8.70934768e+04 -9.55200664e-01  9.41799860e-03  8.70934768e+04 -1.33046670e-04  1.40605064e-05  8.70934768e+04 -3.08441037e-10  1.19115354e-09  8.70934768e+04  9.75636083e-01 -7.92022332e-08 
 8.81022147e+04 -9.55192720e-01  1.00409483e-02  8.81022147e+04 -1.30010410e-04  1.42040235e-05  8.81022147e+04 -2.77743825e-10  1.17067280e-09  8.81022147e+04  9.75636083e-01 -7.90216291e-08 
 8.91226360e+04 -9.55184203e-01  1.06652152e-02  8.91226360e+04 -1.27042439e-04  1.43456427e-05  8.91226360e+04 -2.48254139e-10  1.15033038e-09  8.91226360e+04  9.75636083e-01 -7.88521797e-08 
 9.01548761e+04 -9.55175108e-01  1.12908817e-02  9.01548761e+04 -1.24141187e-04  1.44855092e-05  9.01548761e+04 -2.19915359e-10  1.13012443e-09  9.01548761e+04  9.75636083e-01 -7.86929720e-08 
 9.11990719e+04 -9.55165431e-01  1.19180300e-02  9.11990719e+04 -1.21305121e-04  1.46237633e-05  9.11990719e+04 -1.92673321e-10  1.11005299e-09  9.11990719e+04  9.75636083e-01 -7.85446822e-08 
 9.22553618e+04 -9.55155166e-01  1.25467427e-02  9.22553618e+04 -1.18532740e-04  1.47605410e-05  9.22553618e+04 -1.66476208e-10  1.09011401e-09  9.22553618e+04  9.75636083e-01 -7.84070765e-08 
 9.33238859e+04 -9.55144308e-01  1.31771027e-02  9.33238859e+04 -1.15822577e-04  1.48959741e-05  9.33238859e+04 -1.41274444e-10  1.07030537e-09  9.33238859e+04  9.75636083e-01 -7.82790683e-08 
 9.44047859e+04 -9.55132851e-01  1.38091930e-02  9.44047859e+04 -1.13173199e-04  1.50301901e-05  9.44047859e+04 -1.17020593e-10  1.05062485e-09  9.44047859e+04  9.75636083e-01 -7.81613319e-08 
 9.54982052e+04 -9.55120789e-01  1.44430967e-02  9.54982052e+04 -1.10583203e-04  1.51633127e-05  9.54982052e+04 -9.36692562e-11  1.03107016e-09  9.54982052e+04  9.75636083e-01 -7.80543131e-08 
 9.66042887e+04 -9.55108117e-01  1.50788972e-02  9.66042887e+04 -1.08051220e-04  1.52954616e-05  9.66042887e+04 -7.11769868e-11  1.01163893e-09  9.66042887e+04  9.75636083e-01 -7.79582842e-08 
 9.77231831e+04 -9.55094827e-01  1.57166783e-02  9.77231831e+04 -1.05575909e-04  1.54267531e-05  9.77231831e+04 -4.95021951e-11  9.92328751e-10  9.77231831e+04  9.75636083e-01 -7.78723760e-08 
 9.88550368e+04 -9.55080913e-01  1.63565237e-02  9.88550368e+04 -1.03155961e-04  1.55572996e-05  9.88550368e+04 -2.86050660e-11  9.73137114e-10  9.88550368e+04  9.75636083e-01 -7.77956543e-08 
 1.00000000e+05 -9.55066367e-01  1.69985176e-02  1.00000000e+05 -1.00790095e-04  1.56872103e-05  1.00000000e+05 -8.44747750e-12  9.54061470e-10  1.00000000e+05  9.75636083e-01 -7.77297314e-08 
